,HODBIN2,DATE,station_id,WEEKDAY,LAT,LON,ENTRIES_diff_sum,EXITS_diff_sum
0,0,10/13/2019,42 ST-BRYANT PK-7BDFM,Sunday,40.754197999999995,-73.984573,5123.0,2853.0
1,0,10/13/2019,42 ST-PORT AUTH-1237ACEGNRSW,Sunday,40.757303,-73.98978699999999,3353.0,952.0
2,0,10/13/2019,42 ST-PORT AUTH-1237ACENQRSW,Sunday,40.757303,-73.98978699999999,8814.0,7787.0
3,0,10/13/2019,47-50 STS ROCK-BDFM,Sunday,40.758652000000005,-73.981311,7917.0,2713.0
4,0,10/13/2019,49 ST-NQRW,Sunday,40.760139,-73.984112,2691.0,576.0
5,0,10/13/2019,5 AV/53 ST-EM,Sunday,40.760179,-73.975196,910.0,259.0
6,0,10/13/2019,5 AV/59 ST-NQRW,Sunday,40.764909,-73.973372,583.0,168.0
7,0,10/13/2019,5 AVE-7BDFM,Sunday,40.753824,-73.981966,1265.0,640.0
8,0,10/13/2019,50 ST-1,Sunday,40.761675,-73.983908,2661.0,1529.0
9,0,10/13/2019,50 ST-CE,Sunday,40.762439,-73.985989,4926.0,2268.0
10,0,10/13/2019,50 ST-D,Sunday,40.636232,-73.994765,111.0,137.0
11,0,10/13/2019,51 ST-6,Sunday,40.757108,-73.97187,1632.0,1331.0
12,0,10/13/2019,57 ST-7 AV-NQRW,Sunday,40.764755,-73.980646,5047.0,1871.0
13,0,10/13/2019,57 ST-F,Sunday,40.763625,-73.977449,2261.0,973.0
14,0,10/13/2019,59 ST COLUMBUS-1ABCD,Sunday,40.76811,-73.981891,10274.0,4401.0
15,0,10/13/2019,59 ST-456NQRW,Sunday,40.762796,-73.967686,4744.0,2330.0
16,0,10/13/2019,59 ST-NRW,Sunday,40.641426,-74.017972,531.0,1097.0
17,0,10/13/2019,7 AV-BDE,Sunday,40.762877,-73.98159,2209.0,1341.0
18,0,10/13/2019,7 AV-BQ,Sunday,40.677172,-73.972514,577.0,754.0
19,0,10/13/2019,7 AV-FG,Sunday,40.666276,-73.980324,601.0,855.0
20,0,10/13/2019,GRD CNTRL-42 ST-4567S,Sunday,40.751849,-73.976945,8724.0,9920.0
21,0,10/13/2019,LEXINGTON AV/53-6EM,Sunday,40.757529999999996,-73.969102,2358.0,2080.0
22,0,10/13/2019,TIMES SQ-42 ST-1237ACENQRS,Sunday,40.755905,-73.98650400000001,5656.0,850.0
23,0,10/13/2019,TIMES SQ-42 ST-1237ACENQRSW,Sunday,40.755905,-73.98650400000001,12486.0,11214.0
24,0,10/14/2019,42 ST-BRYANT PK-7BDFM,Monday,40.754197999999995,-73.984573,3794.0,1888.0
25,0,10/14/2019,42 ST-PORT AUTH-1237ACEGNRSW,Monday,40.757303,-73.98978699999999,1580.0,560.0
26,0,10/14/2019,42 ST-PORT AUTH-1237ACENQRSW,Monday,40.757303,-73.98978699999999,8020.0,5712.0
27,0,10/14/2019,47-50 STS ROCK-BDFM,Monday,40.758652000000005,-73.981311,4425.0,1615.0
28,0,10/14/2019,49 ST-NQRW,Monday,40.760139,-73.984112,1878.0,389.0
29,0,10/14/2019,5 AV/53 ST-EM,Monday,40.760179,-73.975196,345.0,181.0
30,0,10/14/2019,5 AV/59 ST-NQRW,Monday,40.764909,-73.973372,441.0,170.0
31,0,10/14/2019,5 AVE-7BDFM,Monday,40.753824,-73.981966,803.0,456.0
32,0,10/14/2019,50 ST-1,Monday,40.761675,-73.983908,1791.0,1030.0
33,0,10/14/2019,50 ST-CE,Monday,40.762439,-73.985989,3496.0,1707.0
34,0,10/14/2019,50 ST-D,Monday,40.636232,-73.994765,87.0,99.0
35,0,10/14/2019,51 ST-6,Monday,40.757108,-73.97187,1019.0,911.0
36,0,10/14/2019,57 ST-7 AV-NQRW,Monday,40.764755,-73.980646,3080.0,1295.0
37,0,10/14/2019,57 ST-F,Monday,40.763625,-73.977449,1336.0,765.0
38,0,10/14/2019,59 ST COLUMBUS-1ABCD,Monday,40.76811,-73.981891,6100.0,3340.0
39,0,10/14/2019,59 ST-456NQRW,Monday,40.762796,-73.967686,3273.0,1811.0
40,0,10/14/2019,59 ST-NRW,Monday,40.641426,-74.017972,389.0,951.0
41,0,10/14/2019,7 AV-BDE,Monday,40.762877,-73.98159,1380.0,910.0
42,0,10/14/2019,7 AV-BQ,Monday,40.677172,-73.972514,360.0,439.0
43,0,10/14/2019,7 AV-FG,Monday,40.666276,-73.980324,381.0,525.0
44,0,10/14/2019,GRD CNTRL-42 ST-4567S,Monday,40.751849,-73.976945,7274.0,7930.0
45,0,10/14/2019,LEXINGTON AV/53-6EM,Monday,40.757529999999996,-73.969102,1688.0,1728.0
46,0,10/14/2019,TIMES SQ-42 ST-1237ACENQRS,Monday,40.755905,-73.98650400000001,4433.0,734.0
47,0,10/14/2019,TIMES SQ-42 ST-1237ACENQRSW,Monday,40.755905,-73.98650400000001,10804.0,7810.0
48,0,10/15/2019,42 ST-BRYANT PK-7BDFM,Tuesday,40.754197999999995,-73.984573,5406.0,1611.0
49,0,10/15/2019,42 ST-PORT AUTH-1237ACEGNRSW,Tuesday,40.757303,-73.98978699999999,1566.0,459.0
50,0,10/15/2019,42 ST-PORT AUTH-1237ACENQRSW,Tuesday,40.757303,-73.98978699999999,6801.0,5538.0
51,0,10/15/2019,47-50 STS ROCK-BDFM,Tuesday,40.758652000000005,-73.981311,6685.0,1465.0
52,0,10/15/2019,49 ST-NQRW,Tuesday,40.760139,-73.984112,3131.0,1346.0
53,0,10/15/2019,5 AV/53 ST-EM,Tuesday,40.760179,-73.975196,680.0,153.0
54,0,10/15/2019,5 AV/59 ST-NQRW,Tuesday,40.764909,-73.973372,550.0,183.0
55,0,10/15/2019,5 AVE-7BDFM,Tuesday,40.753824,-73.981966,1444.0,297.0
56,0,10/15/2019,50 ST-1,Tuesday,40.761675,-73.983908,3098.0,1530.0
57,0,10/15/2019,50 ST-CE,Tuesday,40.762439,-73.985989,2821.0,1480.0
58,0,10/15/2019,50 ST-D,Tuesday,40.636232,-73.994765,150.0,258.0
59,0,10/15/2019,51 ST-6,Tuesday,40.757108,-73.97187,1813.0,945.0
60,0,10/15/2019,57 ST-7 AV-NQRW,Tuesday,40.764755,-73.980646,4159.0,1189.0
61,0,10/15/2019,57 ST-F,Tuesday,40.763625,-73.977449,1624.0,510.0
62,0,10/15/2019,59 ST COLUMBUS-1ABCD,Tuesday,40.76811,-73.981891,8031.0,3570.0
63,0,10/15/2019,59 ST-456NQRW,Tuesday,40.762796,-73.967686,5170.0,1818.0
64,0,10/15/2019,59 ST-NRW,Tuesday,40.641426,-74.017972,464.0,916.0
65,0,10/15/2019,7 AV-BDE,Tuesday,40.762877,-73.98159,1691.0,856.0
66,0,10/15/2019,7 AV-BQ,Tuesday,40.677172,-73.972514,369.0,765.0
67,0,10/15/2019,7 AV-FG,Tuesday,40.666276,-73.980324,426.0,618.0
68,0,10/15/2019,GRD CNTRL-42 ST-4567S,Tuesday,40.751849,-73.976945,9398.0,4858.0
69,0,10/15/2019,LEXINGTON AV/53-6EM,Tuesday,40.757529999999996,-73.969102,3323.0,1814.0
70,0,10/15/2019,TIMES SQ-42 ST-1237ACENQRS,Tuesday,40.755905,-73.98650400000001,3800.0,456.0
71,0,10/15/2019,TIMES SQ-42 ST-1237ACENQRSW,Tuesday,40.755905,-73.98650400000001,10565.0,6030.0
72,0,10/16/2019,42 ST-BRYANT PK-7BDFM,Wednesday,40.754197999999995,-73.984573,8271.0,3466.0
73,0,10/16/2019,42 ST-PORT AUTH-1237ACEGNRSW,Wednesday,40.757303,-73.98978699999999,2024.0,560.0
74,0,10/16/2019,42 ST-PORT AUTH-1237ACENQRSW,Wednesday,40.757303,-73.98978699999999,6388.0,6753.0
75,0,10/16/2019,47-50 STS ROCK-BDFM,Wednesday,40.758652000000005,-73.981311,10849.0,2853.0
76,0,10/16/2019,49 ST-NQRW,Wednesday,40.760139,-73.984112,2662.0,1101.0
77,0,10/16/2019,5 AV/53 ST-EM,Wednesday,40.760179,-73.975196,1035.0,449.0
78,0,10/16/2019,5 AVE-7BDFM,Wednesday,40.753824,-73.981966,2228.0,430.0
79,0,10/16/2019,50 ST-1,Wednesday,40.761675,-73.983908,5818.0,1906.0
80,0,10/16/2019,50 ST-CE,Wednesday,40.762439,-73.985989,2269.0,2013.0
81,0,10/16/2019,50 ST-D,Wednesday,40.636232,-73.994765,182.0,331.0
82,0,10/16/2019,51 ST-6,Wednesday,40.757108,-73.97187,2676.0,1202.0
83,0,10/16/2019,57 ST-7 AV-NQRW,Wednesday,40.764755,-73.980646,3219.0,897.0
84,0,10/16/2019,57 ST-F,Wednesday,40.763625,-73.977449,3556.0,1052.0
85,0,10/16/2019,59 ST COLUMBUS-1ABCD,Wednesday,40.76811,-73.981891,13267.0,5480.0
86,0,10/16/2019,59 ST-456NQRW,Wednesday,40.762796,-73.967686,6616.0,3049.0
87,0,10/16/2019,59 ST-NRW,Wednesday,40.641426,-74.017972,520.0,1128.0
88,0,10/16/2019,7 AV-BDE,Wednesday,40.762877,-73.98159,3073.0,1834.0
89,0,10/16/2019,7 AV-BQ,Wednesday,40.677172,-73.972514,472.0,876.0
90,0,10/16/2019,7 AV-FG,Wednesday,40.666276,-73.980324,459.0,791.0
91,0,10/16/2019,GRD CNTRL-42 ST-4567S,Wednesday,40.751849,-73.976945,12375.0,7651.0
92,0,10/16/2019,LEXINGTON AV/53-6EM,Wednesday,40.757529999999996,-73.969102,4465.0,2530.0
93,0,10/16/2019,TIMES SQ-42 ST-1237ACENQRS,Wednesday,40.755905,-73.98650400000001,4731.0,777.0
94,0,10/16/2019,TIMES SQ-42 ST-1237ACENQRSW,Wednesday,40.755905,-73.98650400000001,14148.0,6837.0
95,0,10/17/2019,42 ST-BRYANT PK-7BDFM,Thursday,40.754197999999995,-73.984573,7320.0,1754.0
96,0,10/17/2019,42 ST-PORT AUTH-1237ACEGNRSW,Thursday,40.757303,-73.98978699999999,2949.0,569.0
97,0,10/17/2019,42 ST-PORT AUTH-1237ACENQRSW,Thursday,40.757303,-73.98978699999999,6439.0,7812.0
98,0,10/17/2019,47-50 STS ROCK-BDFM,Thursday,40.758652000000005,-73.981311,10348.0,1900.0
99,0,10/17/2019,49 ST-NQRW,Thursday,40.760139,-73.984112,1828.0,774.0
100,0,10/17/2019,5 AV/53 ST-EM,Thursday,40.760179,-73.975196,973.0,281.0
101,0,10/17/2019,5 AVE-7BDFM,Thursday,40.753824,-73.981966,2142.0,297.0
102,0,10/17/2019,50 ST-1,Thursday,40.761675,-73.983908,4855.0,1695.0
103,0,10/17/2019,50 ST-CE,Thursday,40.762439,-73.985989,4312.0,1888.0
104,0,10/17/2019,50 ST-D,Thursday,40.636232,-73.994765,155.0,381.0
105,0,10/17/2019,51 ST-6,Thursday,40.757108,-73.97187,2550.0,969.0
106,0,10/17/2019,57 ST-7 AV-NQRW,Thursday,40.764755,-73.980646,2660.0,745.0
107,0,10/17/2019,57 ST-F,Thursday,40.763625,-73.977449,3413.0,1083.0
108,0,10/17/2019,59 ST COLUMBUS-1ABCD,Thursday,40.76811,-73.981891,11998.0,3987.0
109,0,10/17/2019,59 ST-456NQRW,Thursday,40.762796,-73.967686,5815.0,2136.0
110,0,10/17/2019,59 ST-NRW,Thursday,40.641426,-74.017972,421.0,1069.0
111,0,10/17/2019,7 AV-BDE,Thursday,40.762877,-73.98159,2981.0,1062.0
112,0,10/17/2019,7 AV-BQ,Thursday,40.677172,-73.972514,377.0,715.0
113,0,10/17/2019,7 AV-FG,Thursday,40.666276,-73.980324,430.0,892.0
114,0,10/17/2019,GRD CNTRL-42 ST-4567S,Thursday,40.751849,-73.976945,12061.0,6598.0
115,0,10/17/2019,LEXINGTON AV/53-6EM,Thursday,40.757529999999996,-73.969102,4706.0,2342.0
116,0,10/17/2019,TIMES SQ-42 ST-1237ACENQRS,Thursday,40.755905,-73.98650400000001,3920.0,510.0
117,0,10/17/2019,TIMES SQ-42 ST-1237ACENQRSW,Thursday,40.755905,-73.98650400000001,12795.0,4246.0
118,0,10/18/2019,42 ST-BRYANT PK-7BDFM,Friday,40.754197999999995,-73.984573,8659.0,2828.0
119,0,10/18/2019,42 ST-PORT AUTH-1237ACEGNRSW,Friday,40.757303,-73.98978699999999,2758.0,727.0
120,0,10/18/2019,42 ST-PORT AUTH-1237ACENQRSW,Friday,40.757303,-73.98978699999999,7632.0,8222.0
121,0,10/18/2019,47-50 STS ROCK-BDFM,Friday,40.758652000000005,-73.981311,10390.0,2270.0
122,0,10/18/2019,49 ST-NQRW,Friday,40.760139,-73.984112,2527.0,1076.0
123,0,10/18/2019,5 AV/53 ST-EM,Friday,40.760179,-73.975196,1087.0,351.0
124,0,10/18/2019,5 AVE-7BDFM,Friday,40.753824,-73.981966,2214.0,474.0
125,0,10/18/2019,50 ST-1,Friday,40.761675,-73.983908,5353.0,1846.0
126,0,10/18/2019,50 ST-CE,Friday,40.762439,-73.985989,4853.0,2028.0
127,0,10/18/2019,50 ST-D,Friday,40.636232,-73.994765,225.0,388.0
128,0,10/18/2019,51 ST-6,Friday,40.757108,-73.97187,2614.0,1292.0
129,0,10/18/2019,57 ST-7 AV-NQRW,Friday,40.764755,-73.980646,3104.0,1042.0
130,0,10/18/2019,57 ST-F,Friday,40.763625,-73.977449,3896.0,1269.0
131,0,10/18/2019,59 ST COLUMBUS-1ABCD,Friday,40.76811,-73.981891,14386.0,4927.0
132,0,10/18/2019,59 ST-456NQRW,Friday,40.762796,-73.967686,7471.0,3037.0
133,0,10/18/2019,59 ST-NRW,Friday,40.641426,-74.017972,505.0,1110.0
134,0,10/18/2019,7 AV-BDE,Friday,40.762877,-73.98159,3422.0,1484.0
135,0,10/18/2019,7 AV-BQ,Friday,40.677172,-73.972514,547.0,932.0
136,0,10/18/2019,7 AV-FG,Friday,40.666276,-73.980324,523.0,950.0
137,0,10/18/2019,GRD CNTRL-42 ST-4567S,Friday,40.751849,-73.976945,13133.0,7962.0
138,0,10/18/2019,LEXINGTON AV/53-6EM,Friday,40.757529999999996,-73.969102,4924.0,2453.0
139,0,10/18/2019,TIMES SQ-42 ST-1237ACENQRS,Friday,40.755905,-73.98650400000001,5467.0,630.0
140,0,10/18/2019,TIMES SQ-42 ST-1237ACENQRSW,Friday,40.755905,-73.98650400000001,15137.0,6802.0
141,4,10/12/2019,42 ST-BRYANT PK-7BDFM,Saturday,40.754197999999995,-73.984573,1665.0,628.0
142,4,10/12/2019,42 ST-PORT AUTH-1237ACEGNRSW,Saturday,40.757303,-73.98978699999999,344.0,263.0
143,4,10/12/2019,42 ST-PORT AUTH-1237ACENQRSW,Saturday,40.757303,-73.98978699999999,1688.0,1647.0
144,4,10/12/2019,47-50 STS ROCK-BDFM,Saturday,40.758652000000005,-73.981311,1894.0,436.0
145,4,10/12/2019,49 ST-NQRW,Saturday,40.760139,-73.984112,564.0,132.0
146,4,10/12/2019,5 AV/53 ST-EM,Saturday,40.760179,-73.975196,44.0,133.0
147,4,10/12/2019,5 AV/59 ST-NQRW,Saturday,40.764909,-73.973372,49.0,75.0
148,4,10/12/2019,5 AVE-7BDFM,Saturday,40.753824,-73.981966,300.0,71.0
149,4,10/12/2019,50 ST-1,Saturday,40.761675,-73.983908,840.0,383.0
150,4,10/12/2019,50 ST-CE,Saturday,40.762439,-73.985989,1293.0,679.0
151,4,10/12/2019,50 ST-D,Saturday,40.636232,-73.994765,12.0,36.0
152,4,10/12/2019,51 ST-6,Saturday,40.757108,-73.97187,501.0,256.0
153,4,10/12/2019,57 ST-7 AV-NQRW,Saturday,40.764755,-73.980646,842.0,409.0
154,4,10/12/2019,57 ST-F,Saturday,40.763625,-73.977449,298.0,138.0
155,4,10/12/2019,59 ST COLUMBUS-1ABCD,Saturday,40.76811,-73.981891,2287.0,879.0
156,4,10/12/2019,59 ST-456NQRW,Saturday,40.762796,-73.967686,1106.0,462.0
157,4,10/12/2019,59 ST-NRW,Saturday,40.641426,-74.017972,106.0,336.0
158,4,10/12/2019,7 AV-BDE,Saturday,40.762877,-73.98159,424.0,276.0
159,4,10/12/2019,7 AV-BQ,Saturday,40.677172,-73.972514,79.0,114.0
160,4,10/12/2019,7 AV-FG,Saturday,40.666276,-73.980324,67.0,136.0
161,4,10/12/2019,GRD CNTRL-42 ST-4567S,Saturday,40.751849,-73.976945,1829.0,1239.0
162,4,10/12/2019,LEXINGTON AV/53-6EM,Saturday,40.757529999999996,-73.969102,730.0,460.0
163,4,10/12/2019,TIMES SQ-42 ST-1237ACENQRS,Saturday,40.755905,-73.98650400000001,2035.0,242.0
164,4,10/12/2019,TIMES SQ-42 ST-1237ACENQRSW,Saturday,40.755905,-73.98650400000001,3533.0,1648.0
165,4,10/13/2019,42 ST-BRYANT PK-7BDFM,Sunday,40.754197999999995,-73.984573,1590.0,579.0
166,4,10/13/2019,42 ST-PORT AUTH-1237ACEGNRSW,Sunday,40.757303,-73.98978699999999,380.0,229.0
167,4,10/13/2019,42 ST-PORT AUTH-1237ACENQRSW,Sunday,40.757303,-73.98978699999999,1631.0,1689.0
168,4,10/13/2019,47-50 STS ROCK-BDFM,Sunday,40.758652000000005,-73.981311,1685.0,399.0
169,4,10/13/2019,49 ST-NQRW,Sunday,40.760139,-73.984112,556.0,105.0
170,4,10/13/2019,5 AV/53 ST-EM,Sunday,40.760179,-73.975196,68.0,77.0
171,4,10/13/2019,5 AV/59 ST-NQRW,Sunday,40.764909,-73.973372,50.0,65.0
172,4,10/13/2019,5 AVE-7BDFM,Sunday,40.753824,-73.981966,254.0,128.0
173,4,10/13/2019,50 ST-1,Sunday,40.761675,-73.983908,829.0,282.0
174,4,10/13/2019,50 ST-CE,Sunday,40.762439,-73.985989,1399.0,704.0
175,4,10/13/2019,50 ST-D,Sunday,40.636232,-73.994765,23.0,38.0
176,4,10/13/2019,51 ST-6,Sunday,40.757108,-73.97187,417.0,248.0
177,4,10/13/2019,57 ST-7 AV-NQRW,Sunday,40.764755,-73.980646,989.0,395.0
178,4,10/13/2019,57 ST-F,Sunday,40.763625,-73.977449,318.0,148.0
179,4,10/13/2019,59 ST COLUMBUS-1ABCD,Sunday,40.76811,-73.981891,2118.0,918.0
180,4,10/13/2019,59 ST-456NQRW,Sunday,40.762796,-73.967686,995.0,443.0
181,4,10/13/2019,59 ST-NRW,Sunday,40.641426,-74.017972,128.0,405.0
182,4,10/13/2019,7 AV-BDE,Sunday,40.762877,-73.98159,424.0,290.0
183,4,10/13/2019,7 AV-BQ,Sunday,40.677172,-73.972514,93.0,153.0
184,4,10/13/2019,7 AV-FG,Sunday,40.666276,-73.980324,69.0,157.0
185,4,10/13/2019,GRD CNTRL-42 ST-4567S,Sunday,40.751849,-73.976945,1654.0,1367.0
186,4,10/13/2019,LEXINGTON AV/53-6EM,Sunday,40.757529999999996,-73.969102,445.0,517.0
187,4,10/13/2019,TIMES SQ-42 ST-1237ACENQRS,Sunday,40.755905,-73.98650400000001,2031.0,225.0
188,4,10/13/2019,TIMES SQ-42 ST-1237ACENQRSW,Sunday,40.755905,-73.98650400000001,3987.0,1864.0
189,4,10/14/2019,42 ST-BRYANT PK-7BDFM,Monday,40.754197999999995,-73.984573,822.0,327.0
190,4,10/14/2019,42 ST-PORT AUTH-1237ACEGNRSW,Monday,40.757303,-73.98978699999999,189.0,216.0
191,4,10/14/2019,42 ST-PORT AUTH-1237ACENQRSW,Monday,40.757303,-73.98978699999999,1100.0,1042.0
192,4,10/14/2019,47-50 STS ROCK-BDFM,Monday,40.758652000000005,-73.981311,846.0,277.0
193,4,10/14/2019,49 ST-NQRW,Monday,40.760139,-73.984112,355.0,76.0
194,4,10/14/2019,5 AV/53 ST-EM,Monday,40.760179,-73.975196,40.0,321.0
195,4,10/14/2019,5 AV/59 ST-NQRW,Monday,40.764909,-73.973372,34.0,92.0
196,4,10/14/2019,5 AVE-7BDFM,Monday,40.753824,-73.981966,114.0,75.0
197,4,10/14/2019,50 ST-1,Monday,40.761675,-73.983908,400.0,148.0
198,4,10/14/2019,50 ST-CE,Monday,40.762439,-73.985989,576.0,280.0
199,4,10/14/2019,51 ST-6,Monday,40.757108,-73.97187,150.0,162.0
200,4,10/14/2019,57 ST-7 AV-NQRW,Monday,40.764755,-73.980646,447.0,227.0
201,4,10/14/2019,57 ST-F,Monday,40.763625,-73.977449,138.0,102.0
202,4,10/14/2019,59 ST COLUMBUS-1ABCD,Monday,40.76811,-73.981891,1000.0,466.0
203,4,10/14/2019,59 ST-456NQRW,Monday,40.762796,-73.967686,525.0,256.0
204,4,10/14/2019,59 ST-NRW,Monday,40.641426,-74.017972,100.0,230.0
205,4,10/14/2019,7 AV-BDE,Monday,40.762877,-73.98159,196.0,219.0
206,4,10/14/2019,7 AV-BQ,Monday,40.677172,-73.972514,53.0,52.0
207,4,10/14/2019,7 AV-FG,Monday,40.666276,-73.980324,46.0,71.0
208,4,10/14/2019,GRD CNTRL-42 ST-4567S,Monday,40.751849,-73.976945,713.0,761.0
209,4,10/14/2019,LEXINGTON AV/53-6EM,Monday,40.757529999999996,-73.969102,233.0,226.0
210,4,10/14/2019,TIMES SQ-42 ST-1237ACENQRS,Monday,40.755905,-73.98650400000001,975.0,153.0
211,4,10/14/2019,TIMES SQ-42 ST-1237ACENQRSW,Monday,40.755905,-73.98650400000001,2031.0,1045.0
212,4,10/15/2019,42 ST-BRYANT PK-7BDFM,Tuesday,40.754197999999995,-73.984573,947.0,394.0
213,4,10/15/2019,42 ST-PORT AUTH-1237ACEGNRSW,Tuesday,40.757303,-73.98978699999999,148.0,200.0
214,4,10/15/2019,42 ST-PORT AUTH-1237ACENQRSW,Tuesday,40.757303,-73.98978699999999,1009.0,917.0
215,4,10/15/2019,47-50 STS ROCK-BDFM,Tuesday,40.758652000000005,-73.981311,1087.0,275.0
216,4,10/15/2019,49 ST-NQRW,Tuesday,40.760139,-73.984112,277.0,119.0
217,4,10/15/2019,5 AV/53 ST-EM,Tuesday,40.760179,-73.975196,57.0,475.0
218,4,10/15/2019,5 AV/59 ST-NQRW,Tuesday,40.764909,-73.973372,24.0,153.0
219,4,10/15/2019,5 AVE-7BDFM,Tuesday,40.753824,-73.981966,58.0,18.0
220,4,10/15/2019,50 ST-1,Tuesday,40.761675,-73.983908,488.0,193.0
221,4,10/15/2019,50 ST-CE,Tuesday,40.762439,-73.985989,434.0,202.0
222,4,10/15/2019,50 ST-D,Tuesday,40.636232,-73.994765,22.0,46.0
223,4,10/15/2019,51 ST-6,Tuesday,40.757108,-73.97187,287.0,134.0
224,4,10/15/2019,57 ST-7 AV-NQRW,Tuesday,40.764755,-73.980646,345.0,115.0
225,4,10/15/2019,57 ST-F,Tuesday,40.763625,-73.977449,131.0,127.0
226,4,10/15/2019,59 ST COLUMBUS-1ABCD,Tuesday,40.76811,-73.981891,1022.0,427.0
227,4,10/15/2019,59 ST-456NQRW,Tuesday,40.762796,-73.967686,581.0,273.0
228,4,10/15/2019,59 ST-NRW,Tuesday,40.641426,-74.017972,94.0,202.0
229,4,10/15/2019,7 AV-BDE,Tuesday,40.762877,-73.98159,158.0,247.0
230,4,10/15/2019,7 AV-BQ,Tuesday,40.677172,-73.972514,49.0,43.0
231,4,10/15/2019,7 AV-FG,Tuesday,40.666276,-73.980324,48.0,61.0
232,4,10/15/2019,GRD CNTRL-42 ST-4567S,Tuesday,40.751849,-73.976945,926.0,673.0
233,4,10/15/2019,LEXINGTON AV/53-6EM,Tuesday,40.757529999999996,-73.969102,396.0,219.0
234,4,10/15/2019,TIMES SQ-42 ST-1237ACENQRS,Tuesday,40.755905,-73.98650400000001,694.0,142.0
235,4,10/15/2019,TIMES SQ-42 ST-1237ACENQRSW,Tuesday,40.755905,-73.98650400000001,1614.0,840.0
236,4,10/16/2019,42 ST-BRYANT PK-7BDFM,Wednesday,40.754197999999995,-73.984573,1336.0,526.0
237,4,10/16/2019,42 ST-PORT AUTH-1237ACEGNRSW,Wednesday,40.757303,-73.98978699999999,163.0,242.0
238,4,10/16/2019,42 ST-PORT AUTH-1237ACENQRSW,Wednesday,40.757303,-73.98978699999999,1019.0,1219.0
239,4,10/16/2019,47-50 STS ROCK-BDFM,Wednesday,40.758652000000005,-73.981311,1622.0,336.0
240,4,10/16/2019,5 AV/53 ST-EM,Wednesday,40.760179,-73.975196,45.0,480.0
241,4,10/16/2019,5 AV/59 ST-NQRW,Wednesday,40.764909,-73.973372,16.0,131.0
242,4,10/16/2019,5 AVE-7BDFM,Wednesday,40.753824,-73.981966,242.0,76.0
243,4,10/16/2019,50 ST-1,Wednesday,40.761675,-73.983908,703.0,250.0
244,4,10/16/2019,50 ST-CE,Wednesday,40.762439,-73.985989,370.0,277.0
245,4,10/16/2019,50 ST-D,Wednesday,40.636232,-73.994765,32.0,57.0
246,4,10/16/2019,51 ST-6,Wednesday,40.757108,-73.97187,411.0,151.0
247,4,10/16/2019,57 ST-F,Wednesday,40.763625,-73.977449,280.0,236.0
248,4,10/16/2019,59 ST COLUMBUS-1ABCD,Wednesday,40.76811,-73.981891,1385.0,577.0
249,4,10/16/2019,59 ST-456NQRW,Wednesday,40.762796,-73.967686,804.0,272.0
250,4,10/16/2019,59 ST-NRW,Wednesday,40.641426,-74.017972,90.0,244.0
251,4,10/16/2019,7 AV-BDE,Wednesday,40.762877,-73.98159,306.0,329.0
252,4,10/16/2019,7 AV-BQ,Wednesday,40.677172,-73.972514,34.0,44.0
253,4,10/16/2019,7 AV-FG,Wednesday,40.666276,-73.980324,43.0,45.0
254,4,10/16/2019,GRD CNTRL-42 ST-4567S,Wednesday,40.751849,-73.976945,1406.0,846.0
255,4,10/16/2019,LEXINGTON AV/53-6EM,Wednesday,40.757529999999996,-73.969102,541.0,328.0
256,4,10/16/2019,TIMES SQ-42 ST-1237ACENQRS,Wednesday,40.755905,-73.98650400000001,869.0,129.0
257,4,10/16/2019,TIMES SQ-42 ST-1237ACENQRSW,Wednesday,40.755905,-73.98650400000001,1958.0,827.0
258,4,10/17/2019,42 ST-BRYANT PK-7BDFM,Thursday,40.754197999999995,-73.984573,1187.0,404.0
259,4,10/17/2019,42 ST-PORT AUTH-1237ACEGNRSW,Thursday,40.757303,-73.98978699999999,142.0,226.0
260,4,10/17/2019,42 ST-PORT AUTH-1237ACENQRSW,Thursday,40.757303,-73.98978699999999,930.0,1122.0
261,4,10/17/2019,47-50 STS ROCK-BDFM,Thursday,40.758652000000005,-73.981311,1636.0,315.0
262,4,10/17/2019,5 AV/53 ST-EM,Thursday,40.760179,-73.975196,49.0,493.0
263,4,10/17/2019,5 AV/59 ST-NQRW,Thursday,40.764909,-73.973372,11.0,124.0
264,4,10/17/2019,5 AVE-7BDFM,Thursday,40.753824,-73.981966,225.0,60.0
265,4,10/17/2019,50 ST-1,Thursday,40.761675,-73.983908,672.0,213.0
266,4,10/17/2019,50 ST-CE,Thursday,40.762439,-73.985989,530.0,241.0
267,4,10/17/2019,50 ST-D,Thursday,40.636232,-73.994765,31.0,51.0
268,4,10/17/2019,51 ST-6,Thursday,40.757108,-73.97187,411.0,164.0
269,4,10/17/2019,57 ST-F,Thursday,40.763625,-73.977449,320.0,259.0
270,4,10/17/2019,59 ST COLUMBUS-1ABCD,Thursday,40.76811,-73.981891,1356.0,479.0
271,4,10/17/2019,59 ST-456NQRW,Thursday,40.762796,-73.967686,934.0,1703.0
272,4,10/17/2019,59 ST-NRW,Thursday,40.641426,-74.017972,88.0,207.0
273,4,10/17/2019,7 AV-BDE,Thursday,40.762877,-73.98159,274.0,390.0
274,4,10/17/2019,7 AV-BQ,Thursday,40.677172,-73.972514,30.0,50.0
275,4,10/17/2019,7 AV-FG,Thursday,40.666276,-73.980324,48.0,55.0
276,4,10/17/2019,GRD CNTRL-42 ST-4567S,Thursday,40.751849,-73.976945,1286.0,748.0
277,4,10/17/2019,LEXINGTON AV/53-6EM,Thursday,40.757529999999996,-73.969102,534.0,312.0
278,4,10/17/2019,TIMES SQ-42 ST-1237ACENQRS,Thursday,40.755905,-73.98650400000001,591.0,133.0
279,4,10/17/2019,TIMES SQ-42 ST-1237ACENQRSW,Thursday,40.755905,-73.98650400000001,1606.0,651.0
280,4,10/18/2019,42 ST-BRYANT PK-7BDFM,Friday,40.754197999999995,-73.984573,1485.0,852.0
281,4,10/18/2019,42 ST-PORT AUTH-1237ACEGNRSW,Friday,40.757303,-73.98978699999999,228.0,258.0
282,4,10/18/2019,42 ST-PORT AUTH-1237ACENQRSW,Friday,40.757303,-73.98978699999999,1147.0,1388.0
283,4,10/18/2019,47-50 STS ROCK-BDFM,Friday,40.758652000000005,-73.981311,1921.0,574.0
284,4,10/18/2019,5 AV/53 ST-EM,Friday,40.760179,-73.975196,89.0,481.0
285,4,10/18/2019,5 AV/59 ST-NQRW,Friday,40.764909,-73.973372,15.0,134.0
286,4,10/18/2019,5 AVE-7BDFM,Friday,40.753824,-73.981966,327.0,88.0
287,4,10/18/2019,50 ST-1,Friday,40.761675,-73.983908,787.0,269.0
288,4,10/18/2019,50 ST-CE,Friday,40.762439,-73.985989,723.0,315.0
289,4,10/18/2019,50 ST-D,Friday,40.636232,-73.994765,37.0,74.0
290,4,10/18/2019,51 ST-6,Friday,40.757108,-73.97187,466.0,262.0
291,4,10/18/2019,57 ST-7 AV-NQRW,Friday,40.764755,-73.980646,1.0,27.0
292,4,10/18/2019,57 ST-F,Friday,40.763625,-73.977449,387.0,237.0
293,4,10/18/2019,59 ST COLUMBUS-1ABCD,Friday,40.76811,-73.981891,1554.0,1154.0
294,4,10/18/2019,59 ST-456NQRW,Friday,40.762796,-73.967686,1086.0,1031.0
295,4,10/18/2019,59 ST-NRW,Friday,40.641426,-74.017972,106.0,259.0
296,4,10/18/2019,7 AV-BDE,Friday,40.762877,-73.98159,335.0,491.0
297,4,10/18/2019,7 AV-BQ,Friday,40.677172,-73.972514,37.0,55.0
298,4,10/18/2019,7 AV-FG,Friday,40.666276,-73.980324,53.0,111.0
299,4,10/18/2019,GRD CNTRL-42 ST-4567S,Friday,40.751849,-73.976945,1633.0,1400.0
300,4,10/18/2019,LEXINGTON AV/53-6EM,Friday,40.757529999999996,-73.969102,602.0,404.0
301,4,10/18/2019,TIMES SQ-42 ST-1237ACENQRS,Friday,40.755905,-73.98650400000001,984.0,103.0
302,4,10/18/2019,TIMES SQ-42 ST-1237ACENQRSW,Friday,40.755905,-73.98650400000001,2055.0,848.0
303,8,10/12/2019,42 ST-BRYANT PK-7BDFM,Saturday,40.754197999999995,-73.984573,434.0,1239.0
304,8,10/12/2019,42 ST-PORT AUTH-1237ACEGNRSW,Saturday,40.757303,-73.98978699999999,738.0,1459.0
305,8,10/12/2019,42 ST-PORT AUTH-1237ACENQRSW,Saturday,40.757303,-73.98978699999999,3432.0,3633.0
306,8,10/12/2019,47-50 STS ROCK-BDFM,Saturday,40.758652000000005,-73.981311,536.0,1835.0
307,8,10/12/2019,49 ST-NQRW,Saturday,40.760139,-73.984112,191.0,487.0
308,8,10/12/2019,5 AV/53 ST-EM,Saturday,40.760179,-73.975196,236.0,1430.0
309,8,10/12/2019,5 AV/59 ST-NQRW,Saturday,40.764909,-73.973372,266.0,1347.0
310,8,10/12/2019,5 AVE-7BDFM,Saturday,40.753824,-73.981966,109.0,415.0
311,8,10/12/2019,50 ST-1,Saturday,40.761675,-73.983908,226.0,508.0
312,8,10/12/2019,50 ST-CE,Saturday,40.762439,-73.985989,501.0,601.0
313,8,10/12/2019,50 ST-D,Saturday,40.636232,-73.994765,130.0,66.0
314,8,10/12/2019,51 ST-6,Saturday,40.757108,-73.97187,239.0,816.0
315,8,10/12/2019,57 ST-7 AV-NQRW,Saturday,40.764755,-73.980646,483.0,1038.0
316,8,10/12/2019,57 ST-F,Saturday,40.763625,-73.977449,272.0,1362.0
317,8,10/12/2019,59 ST COLUMBUS-1ABCD,Saturday,40.76811,-73.981891,1169.0,2287.0
318,8,10/12/2019,59 ST-456NQRW,Saturday,40.762796,-73.967686,659.0,2002.0
319,8,10/12/2019,59 ST-NRW,Saturday,40.641426,-74.017972,933.0,269.0
320,8,10/12/2019,7 AV-BDE,Saturday,40.762877,-73.98159,476.0,1407.0
321,8,10/12/2019,7 AV-BQ,Saturday,40.677172,-73.972514,349.0,318.0
322,8,10/12/2019,7 AV-FG,Saturday,40.666276,-73.980324,466.0,334.0
323,8,10/12/2019,GRD CNTRL-42 ST-4567S,Saturday,40.751849,-73.976945,2344.0,5605.0
324,8,10/12/2019,LEXINGTON AV/53-6EM,Saturday,40.757529999999996,-73.969102,372.0,1245.0
325,8,10/12/2019,TIMES SQ-42 ST-1237ACENQRS,Saturday,40.755905,-73.98650400000001,489.0,491.0
326,8,10/12/2019,TIMES SQ-42 ST-1237ACENQRSW,Saturday,40.755905,-73.98650400000001,1282.0,2742.0
327,8,10/13/2019,42 ST-BRYANT PK-7BDFM,Sunday,40.754197999999995,-73.984573,360.0,692.0
328,8,10/13/2019,42 ST-PORT AUTH-1237ACEGNRSW,Sunday,40.757303,-73.98978699999999,634.0,1020.0
329,8,10/13/2019,42 ST-PORT AUTH-1237ACENQRSW,Sunday,40.757303,-73.98978699999999,2427.0,2235.0
330,8,10/13/2019,47-50 STS ROCK-BDFM,Sunday,40.758652000000005,-73.981311,392.0,1017.0
331,8,10/13/2019,49 ST-NQRW,Sunday,40.760139,-73.984112,224.0,323.0
332,8,10/13/2019,5 AV/53 ST-EM,Sunday,40.760179,-73.975196,170.0,949.0
333,8,10/13/2019,5 AV/59 ST-NQRW,Sunday,40.764909,-73.973372,218.0,828.0
334,8,10/13/2019,5 AVE-7BDFM,Sunday,40.753824,-73.981966,79.0,188.0
335,8,10/13/2019,50 ST-1,Sunday,40.761675,-73.983908,228.0,322.0
336,8,10/13/2019,50 ST-CE,Sunday,40.762439,-73.985989,489.0,376.0
337,8,10/13/2019,50 ST-D,Sunday,40.636232,-73.994765,86.0,76.0
338,8,10/13/2019,51 ST-6,Sunday,40.757108,-73.97187,214.0,492.0
339,8,10/13/2019,57 ST-7 AV-NQRW,Sunday,40.764755,-73.980646,566.0,717.0
340,8,10/13/2019,57 ST-F,Sunday,40.763625,-73.977449,303.0,756.0
341,8,10/13/2019,59 ST COLUMBUS-1ABCD,Sunday,40.76811,-73.981891,938.0,1530.0
342,8,10/13/2019,59 ST-456NQRW,Sunday,40.762796,-73.967686,629.0,1129.0
343,8,10/13/2019,59 ST-NRW,Sunday,40.641426,-74.017972,550.0,221.0
344,8,10/13/2019,7 AV-BDE,Sunday,40.762877,-73.98159,442.0,964.0
345,8,10/13/2019,7 AV-BQ,Sunday,40.677172,-73.972514,278.0,207.0
346,8,10/13/2019,7 AV-FG,Sunday,40.666276,-73.980324,315.0,222.0
347,8,10/13/2019,GRD CNTRL-42 ST-4567S,Sunday,40.751849,-73.976945,1383.0,2740.0
348,8,10/13/2019,LEXINGTON AV/53-6EM,Sunday,40.757529999999996,-73.969102,250.0,568.0
349,8,10/13/2019,TIMES SQ-42 ST-1237ACENQRS,Sunday,40.755905,-73.98650400000001,411.0,347.0
350,8,10/13/2019,TIMES SQ-42 ST-1237ACENQRSW,Sunday,40.755905,-73.98650400000001,1172.0,1831.0
351,8,10/14/2019,42 ST-BRYANT PK-7BDFM,Monday,40.754197999999995,-73.984573,570.0,3884.0
352,8,10/14/2019,42 ST-PORT AUTH-1237ACEGNRSW,Monday,40.757303,-73.98978699999999,1119.0,2453.0
353,8,10/14/2019,42 ST-PORT AUTH-1237ACENQRSW,Monday,40.757303,-73.98978699999999,10069.0,6053.0
354,8,10/14/2019,47-50 STS ROCK-BDFM,Monday,40.758652000000005,-73.981311,433.0,7131.0
355,8,10/14/2019,49 ST-NQRW,Monday,40.760139,-73.984112,381.0,1687.0
356,8,10/14/2019,5 AV/53 ST-EM,Monday,40.760179,-73.975196,484.0,13391.0
357,8,10/14/2019,5 AV/59 ST-NQRW,Monday,40.764909,-73.973372,485.0,4054.0
358,8,10/14/2019,5 AVE-7BDFM,Monday,40.753824,-73.981966,110.0,1113.0
359,8,10/14/2019,50 ST-1,Monday,40.761675,-73.983908,398.0,2228.0
360,8,10/14/2019,50 ST-CE,Monday,40.762439,-73.985989,738.0,1281.0
361,8,10/14/2019,50 ST-D,Monday,40.636232,-73.994765,287.0,187.0
362,8,10/14/2019,51 ST-6,Monday,40.757108,-73.97187,332.0,2378.0
363,8,10/14/2019,57 ST-7 AV-NQRW,Monday,40.764755,-73.980646,743.0,2343.0
364,8,10/14/2019,57 ST-F,Monday,40.763625,-73.977449,465.0,3319.0
365,8,10/14/2019,59 ST COLUMBUS-1ABCD,Monday,40.76811,-73.981891,1775.0,5059.0
366,8,10/14/2019,59 ST-456NQRW,Monday,40.762796,-73.967686,1268.0,5681.0
367,8,10/14/2019,59 ST-NRW,Monday,40.641426,-74.017972,1613.0,479.0
368,8,10/14/2019,7 AV-BDE,Monday,40.762877,-73.98159,915.0,4946.0
369,8,10/14/2019,7 AV-BQ,Monday,40.677172,-73.972514,2052.0,576.0
370,8,10/14/2019,7 AV-FG,Monday,40.666276,-73.980324,1967.0,745.0
371,8,10/14/2019,GRD CNTRL-42 ST-4567S,Monday,40.751849,-73.976945,9279.0,23614.0
372,8,10/14/2019,LEXINGTON AV/53-6EM,Monday,40.757529999999996,-73.969102,734.0,5547.0
373,8,10/14/2019,TIMES SQ-42 ST-1237ACENQRS,Monday,40.755905,-73.98650400000001,633.0,775.0
374,8,10/14/2019,TIMES SQ-42 ST-1237ACENQRSW,Monday,40.755905,-73.98650400000001,3461.0,5921.0
375,8,10/15/2019,42 ST-BRYANT PK-7BDFM,Tuesday,40.754197999999995,-73.984573,890.0,5643.0
376,8,10/15/2019,42 ST-PORT AUTH-1237ACEGNRSW,Tuesday,40.757303,-73.98978699999999,1643.0,4117.0
377,8,10/15/2019,42 ST-PORT AUTH-1237ACENQRSW,Tuesday,40.757303,-73.98978699999999,20409.0,8877.0
378,8,10/15/2019,47-50 STS ROCK-BDFM,Tuesday,40.758652000000005,-73.981311,641.0,10052.0
379,8,10/15/2019,49 ST-NQRW,Tuesday,40.760139,-73.984112,553.0,2638.0
380,8,10/15/2019,5 AV/53 ST-EM,Tuesday,40.760179,-73.975196,730.0,19556.0
381,8,10/15/2019,5 AV/59 ST-NQRW,Tuesday,40.764909,-73.973372,735.0,5415.0
382,8,10/15/2019,50 ST-1,Tuesday,40.761675,-73.983908,691.0,3635.0
383,8,10/15/2019,50 ST-CE,Tuesday,40.762439,-73.985989,1019.0,1847.0
384,8,10/15/2019,50 ST-D,Tuesday,40.636232,-73.994765,531.0,288.0
385,8,10/15/2019,51 ST-6,Tuesday,40.757108,-73.97187,488.0,3284.0
386,8,10/15/2019,57 ST-7 AV-NQRW,Tuesday,40.764755,-73.980646,1208.0,3160.0
387,8,10/15/2019,57 ST-F,Tuesday,40.763625,-73.977449,644.0,4947.0
388,8,10/15/2019,59 ST COLUMBUS-1ABCD,Tuesday,40.76811,-73.981891,2808.0,9151.0
389,8,10/15/2019,59 ST-456NQRW,Tuesday,40.762796,-73.967686,2018.0,7442.0
390,8,10/15/2019,59 ST-NRW,Tuesday,40.641426,-74.017972,3007.0,592.0
391,8,10/15/2019,7 AV-BDE,Tuesday,40.762877,-73.98159,1049.0,7048.0
392,8,10/15/2019,7 AV-BQ,Tuesday,40.677172,-73.972514,3737.0,1007.0
393,8,10/15/2019,7 AV-FG,Tuesday,40.666276,-73.980324,4072.0,1297.0
394,8,10/15/2019,GRD CNTRL-42 ST-4567S,Tuesday,40.751849,-73.976945,15551.0,30186.0
395,8,10/15/2019,LEXINGTON AV/53-6EM,Tuesday,40.757529999999996,-73.969102,1224.0,7816.0
396,8,10/15/2019,TIMES SQ-42 ST-1237ACENQRS,Tuesday,40.755905,-73.98650400000001,825.0,1069.0
397,8,10/15/2019,TIMES SQ-42 ST-1237ACENQRSW,Tuesday,40.755905,-73.98650400000001,5129.0,8363.0
398,8,10/16/2019,42 ST-BRYANT PK-7BDFM,Wednesday,40.754197999999995,-73.984573,920.0,5943.0
399,8,10/16/2019,42 ST-PORT AUTH-1237ACEGNRSW,Wednesday,40.757303,-73.98978699999999,1590.0,4475.0
400,8,10/16/2019,42 ST-PORT AUTH-1237ACENQRSW,Wednesday,40.757303,-73.98978699999999,14928.0,7021.0
401,8,10/16/2019,47-50 STS ROCK-BDFM,Wednesday,40.758652000000005,-73.981311,666.0,10086.0
402,8,10/16/2019,49 ST-NQRW,Wednesday,40.760139,-73.984112,494.0,2517.0
403,8,10/16/2019,5 AV/53 ST-EM,Wednesday,40.760179,-73.975196,757.0,19926.0
404,8,10/16/2019,5 AV/59 ST-NQRW,Wednesday,40.764909,-73.973372,796.0,5356.0
405,8,10/16/2019,5 AVE-7BDFM,Wednesday,40.753824,-73.981966,208.0,1603.0
406,8,10/16/2019,50 ST-1,Wednesday,40.761675,-73.983908,728.0,3741.0
407,8,10/16/2019,50 ST-CE,Wednesday,40.762439,-73.985989,1067.0,1905.0
408,8,10/16/2019,50 ST-D,Wednesday,40.636232,-73.994765,551.0,302.0
409,8,10/16/2019,51 ST-6,Wednesday,40.757108,-73.97187,495.0,3438.0
410,8,10/16/2019,57 ST-7 AV-NQRW,Wednesday,40.764755,-73.980646,1177.0,2995.0
411,8,10/16/2019,57 ST-F,Wednesday,40.763625,-73.977449,624.0,4857.0
412,8,10/16/2019,59 ST COLUMBUS-1ABCD,Wednesday,40.76811,-73.981891,2908.0,9110.0
413,8,10/16/2019,59 ST-456NQRW,Wednesday,40.762796,-73.967686,2027.0,8335.0
414,8,10/16/2019,59 ST-NRW,Wednesday,40.641426,-74.017972,2953.0,646.0
415,8,10/16/2019,7 AV-BDE,Wednesday,40.762877,-73.98159,1072.0,6673.0
416,8,10/16/2019,7 AV-BQ,Wednesday,40.677172,-73.972514,3636.0,1121.0
417,8,10/16/2019,7 AV-FG,Wednesday,40.666276,-73.980324,4216.0,1176.0
418,8,10/16/2019,GRD CNTRL-42 ST-4567S,Wednesday,40.751849,-73.976945,15118.0,31461.0
419,8,10/16/2019,LEXINGTON AV/53-6EM,Wednesday,40.757529999999996,-73.969102,1234.0,7676.0
420,8,10/16/2019,TIMES SQ-42 ST-1237ACENQRS,Wednesday,40.755905,-73.98650400000001,794.0,1010.0
421,8,10/16/2019,TIMES SQ-42 ST-1237ACENQRSW,Wednesday,40.755905,-73.98650400000001,4880.0,7960.0
422,8,10/17/2019,42 ST-BRYANT PK-7BDFM,Thursday,40.754197999999995,-73.984573,919.0,5628.0
423,8,10/17/2019,42 ST-PORT AUTH-1237ACEGNRSW,Thursday,40.757303,-73.98978699999999,1712.0,4197.0
424,8,10/17/2019,42 ST-PORT AUTH-1237ACENQRSW,Thursday,40.757303,-73.98978699999999,15317.0,6953.0
425,8,10/17/2019,47-50 STS ROCK-BDFM,Thursday,40.758652000000005,-73.981311,645.0,9888.0
426,8,10/17/2019,49 ST-NQRW,Thursday,40.760139,-73.984112,467.0,2497.0
427,8,10/17/2019,5 AV/53 ST-EM,Thursday,40.760179,-73.975196,771.0,19638.0
428,8,10/17/2019,5 AV/59 ST-NQRW,Thursday,40.764909,-73.973372,845.0,5544.0
429,8,10/17/2019,5 AVE-7BDFM,Thursday,40.753824,-73.981966,201.0,1640.0
430,8,10/17/2019,50 ST-1,Thursday,40.761675,-73.983908,725.0,3746.0
431,8,10/17/2019,50 ST-CE,Thursday,40.762439,-73.985989,1149.0,2046.0
432,8,10/17/2019,50 ST-D,Thursday,40.636232,-73.994765,552.0,337.0
433,8,10/17/2019,51 ST-6,Thursday,40.757108,-73.97187,547.0,3269.0
434,8,10/17/2019,57 ST-7 AV-NQRW,Thursday,40.764755,-73.980646,1207.0,2877.0
435,8,10/17/2019,57 ST-F,Thursday,40.763625,-73.977449,655.0,4612.0
436,8,10/17/2019,59 ST COLUMBUS-1ABCD,Thursday,40.76811,-73.981891,2978.0,9017.0
437,8,10/17/2019,59 ST-456NQRW,Thursday,40.762796,-73.967686,1770.0,6639.0
438,8,10/17/2019,59 ST-NRW,Thursday,40.641426,-74.017972,3037.0,698.0
439,8,10/17/2019,7 AV-BDE,Thursday,40.762877,-73.98159,1052.0,6734.0
440,8,10/17/2019,7 AV-BQ,Thursday,40.677172,-73.972514,3722.0,1035.0
441,8,10/17/2019,7 AV-FG,Thursday,40.666276,-73.980324,4193.0,1153.0
442,8,10/17/2019,GRD CNTRL-42 ST-4567S,Thursday,40.751849,-73.976945,14581.0,31608.0
443,8,10/17/2019,LEXINGTON AV/53-6EM,Thursday,40.757529999999996,-73.969102,1151.0,6615.0
444,8,10/17/2019,TIMES SQ-42 ST-1237ACENQRS,Thursday,40.755905,-73.98650400000001,777.0,1078.0
445,8,10/17/2019,TIMES SQ-42 ST-1237ACENQRSW,Thursday,40.755905,-73.98650400000001,4971.0,8268.0
446,8,10/18/2019,42 ST-BRYANT PK-7BDFM,Friday,40.754197999999995,-73.984573,885.0,5066.0
447,8,10/18/2019,42 ST-PORT AUTH-1237ACEGNRSW,Friday,40.757303,-73.98978699999999,1569.0,4039.0
448,8,10/18/2019,42 ST-PORT AUTH-1237ACENQRSW,Friday,40.757303,-73.98978699999999,13880.0,7278.0
449,8,10/18/2019,47-50 STS ROCK-BDFM,Friday,40.758652000000005,-73.981311,689.0,8784.0
450,8,10/18/2019,49 ST-NQRW,Friday,40.760139,-73.984112,489.0,2336.0
451,8,10/18/2019,5 AV/53 ST-EM,Friday,40.760179,-73.975196,719.0,18119.0
452,8,10/18/2019,5 AV/59 ST-NQRW,Friday,40.764909,-73.973372,756.0,4948.0
453,8,10/18/2019,5 AVE-7BDFM,Friday,40.753824,-73.981966,212.0,1527.0
454,8,10/18/2019,50 ST-1,Friday,40.761675,-73.983908,746.0,3285.0
455,8,10/18/2019,50 ST-CE,Friday,40.762439,-73.985989,1080.0,1964.0
456,8,10/18/2019,50 ST-D,Friday,40.636232,-73.994765,534.0,340.0
457,8,10/18/2019,51 ST-6,Friday,40.757108,-73.97187,474.0,3054.0
458,8,10/18/2019,57 ST-7 AV-NQRW,Friday,40.764755,-73.980646,1088.0,2724.0
459,8,10/18/2019,57 ST-F,Friday,40.763625,-73.977449,601.0,4145.0
460,8,10/18/2019,59 ST COLUMBUS-1ABCD,Friday,40.76811,-73.981891,2822.0,8069.0
461,8,10/18/2019,59 ST-456NQRW,Friday,40.762796,-73.967686,1951.0,7619.0
462,8,10/18/2019,59 ST-NRW,Friday,40.641426,-74.017972,2941.0,626.0
463,8,10/18/2019,7 AV-BDE,Friday,40.762877,-73.98159,1002.0,6241.0
464,8,10/18/2019,7 AV-BQ,Friday,40.677172,-73.972514,3236.0,1035.0
465,8,10/18/2019,7 AV-FG,Friday,40.666276,-73.980324,3747.0,1235.0
466,8,10/18/2019,GRD CNTRL-42 ST-4567S,Friday,40.751849,-73.976945,14845.0,38631.0
467,8,10/18/2019,LEXINGTON AV/53-6EM,Friday,40.757529999999996,-73.969102,1157.0,7468.0
468,8,10/18/2019,TIMES SQ-42 ST-1237ACENQRS,Friday,40.755905,-73.98650400000001,761.0,919.0
469,8,10/18/2019,TIMES SQ-42 ST-1237ACENQRSW,Friday,40.755905,-73.98650400000001,4613.0,7235.0
470,12,10/12/2019,42 ST-BRYANT PK-7BDFM,Saturday,40.754197999999995,-73.984573,1890.0,5053.0
471,12,10/12/2019,42 ST-PORT AUTH-1237ACEGNRSW,Saturday,40.757303,-73.98978699999999,1900.0,3038.0
472,12,10/12/2019,42 ST-PORT AUTH-1237ACENQRSW,Saturday,40.757303,-73.98978699999999,11053.0,9643.0
473,12,10/12/2019,47-50 STS ROCK-BDFM,Saturday,40.758652000000005,-73.981311,2094.0,5715.0
474,12,10/12/2019,49 ST-NQRW,Saturday,40.760139,-73.984112,1399.0,664.0
475,12,10/12/2019,5 AV/53 ST-EM,Saturday,40.760179,-73.975196,1154.0,2313.0
476,12,10/12/2019,5 AV/59 ST-NQRW,Saturday,40.764909,-73.973372,1698.0,2347.0
477,12,10/12/2019,5 AVE-7BDFM,Saturday,40.753824,-73.981966,523.0,1528.0
478,12,10/12/2019,50 ST-1,Saturday,40.761675,-73.983908,904.0,1651.0
479,12,10/12/2019,50 ST-CE,Saturday,40.762439,-73.985989,3353.0,1919.0
480,12,10/12/2019,50 ST-D,Saturday,40.636232,-73.994765,319.0,168.0
481,12,10/12/2019,51 ST-6,Saturday,40.757108,-73.97187,1880.0,1922.0
482,12,10/12/2019,57 ST-7 AV-NQRW,Saturday,40.764755,-73.980646,3257.0,3637.0
483,12,10/12/2019,57 ST-F,Saturday,40.763625,-73.977449,1610.0,3638.0
484,12,10/12/2019,59 ST COLUMBUS-1ABCD,Saturday,40.76811,-73.981891,6640.0,10672.0
485,12,10/12/2019,59 ST-456NQRW,Saturday,40.762796,-73.967686,3779.0,6725.0
486,12,10/12/2019,59 ST-NRW,Saturday,40.641426,-74.017972,2149.0,964.0
487,12,10/12/2019,7 AV-BDE,Saturday,40.762877,-73.98159,1799.0,2175.0
488,12,10/12/2019,7 AV-BQ,Saturday,40.677172,-73.972514,1404.0,1148.0
489,12,10/12/2019,7 AV-FG,Saturday,40.666276,-73.980324,1856.0,857.0
490,12,10/12/2019,GRD CNTRL-42 ST-4567S,Saturday,40.751849,-73.976945,12559.0,15590.0
491,12,10/12/2019,LEXINGTON AV/53-6EM,Saturday,40.757529999999996,-73.969102,2138.0,3160.0
492,12,10/12/2019,TIMES SQ-42 ST-1237ACENQRS,Saturday,40.755905,-73.98650400000001,2389.0,1120.0
493,12,10/12/2019,TIMES SQ-42 ST-1237ACENQRSW,Saturday,40.755905,-73.98650400000001,5729.0,11514.0
494,12,10/13/2019,42 ST-BRYANT PK-7BDFM,Sunday,40.754197999999995,-73.984573,1497.0,3422.0
495,12,10/13/2019,42 ST-PORT AUTH-1237ACEGNRSW,Sunday,40.757303,-73.98978699999999,1596.0,2561.0
496,12,10/13/2019,42 ST-PORT AUTH-1237ACENQRSW,Sunday,40.757303,-73.98978699999999,9029.0,7871.0
497,12,10/13/2019,47-50 STS ROCK-BDFM,Sunday,40.758652000000005,-73.981311,1822.0,5012.0
498,12,10/13/2019,49 ST-NQRW,Sunday,40.760139,-73.984112,1542.0,1162.0
499,12,10/13/2019,5 AV/53 ST-EM,Sunday,40.760179,-73.975196,1095.0,2577.0
500,12,10/13/2019,5 AV/59 ST-NQRW,Sunday,40.764909,-73.973372,1479.0,2493.0
501,12,10/13/2019,5 AVE-7BDFM,Sunday,40.753824,-73.981966,419.0,1336.0
502,12,10/13/2019,50 ST-1,Sunday,40.761675,-73.983908,813.0,1627.0
503,12,10/13/2019,50 ST-CE,Sunday,40.762439,-73.985989,3049.0,1684.0
504,12,10/13/2019,50 ST-D,Sunday,40.636232,-73.994765,274.0,222.0
505,12,10/13/2019,51 ST-6,Sunday,40.757108,-73.97187,1857.0,1774.0
506,12,10/13/2019,57 ST-7 AV-NQRW,Sunday,40.764755,-73.980646,2859.0,2967.0
507,12,10/13/2019,57 ST-F,Sunday,40.763625,-73.977449,1489.0,3552.0
508,12,10/13/2019,59 ST COLUMBUS-1ABCD,Sunday,40.76811,-73.981891,5374.0,8059.0
509,12,10/13/2019,59 ST-456NQRW,Sunday,40.762796,-73.967686,2746.0,5212.0
510,12,10/13/2019,59 ST-NRW,Sunday,40.641426,-74.017972,1851.0,724.0
511,12,10/13/2019,7 AV-BDE,Sunday,40.762877,-73.98159,1795.0,2099.0
512,12,10/13/2019,7 AV-BQ,Sunday,40.677172,-73.972514,1281.0,1000.0
513,12,10/13/2019,7 AV-FG,Sunday,40.666276,-73.980324,1521.0,779.0
514,12,10/13/2019,GRD CNTRL-42 ST-4567S,Sunday,40.751849,-73.976945,9994.0,11581.0
515,12,10/13/2019,LEXINGTON AV/53-6EM,Sunday,40.757529999999996,-73.969102,1761.0,2355.0
516,12,10/13/2019,TIMES SQ-42 ST-1237ACENQRS,Sunday,40.755905,-73.98650400000001,1896.0,1071.0
517,12,10/13/2019,TIMES SQ-42 ST-1237ACENQRSW,Sunday,40.755905,-73.98650400000001,4553.0,9580.0
518,12,10/14/2019,42 ST-BRYANT PK-7BDFM,Monday,40.754197999999995,-73.984573,2890.0,15089.0
519,12,10/14/2019,42 ST-PORT AUTH-1237ACEGNRSW,Monday,40.757303,-73.98978699999999,1531.0,2085.0
520,12,10/14/2019,42 ST-PORT AUTH-1237ACENQRSW,Monday,40.757303,-73.98978699999999,15287.0,10235.0
521,12,10/14/2019,47-50 STS ROCK-BDFM,Monday,40.758652000000005,-73.981311,3119.0,28945.0
522,12,10/14/2019,49 ST-NQRW,Monday,40.760139,-73.984112,2547.0,5703.0
523,12,10/14/2019,5 AV/53 ST-EM,Monday,40.760179,-73.975196,2738.0,5825.0
524,12,10/14/2019,5 AV/59 ST-NQRW,Monday,40.764909,-73.973372,2387.0,4049.0
525,12,10/14/2019,5 AVE-7BDFM,Monday,40.753824,-73.981966,728.0,4061.0
526,12,10/14/2019,50 ST-1,Monday,40.761675,-73.983908,3140.0,8207.0
527,12,10/14/2019,50 ST-CE,Monday,40.762439,-73.985989,3828.0,3254.0
528,12,10/14/2019,50 ST-D,Monday,40.636232,-73.994765,474.0,481.0
529,12,10/14/2019,51 ST-6,Monday,40.757108,-73.97187,2793.0,8280.0
530,12,10/14/2019,57 ST-7 AV-NQRW,Monday,40.764755,-73.980646,4157.0,8273.0
531,12,10/14/2019,57 ST-F,Monday,40.763625,-73.977449,1812.0,4385.0
532,12,10/14/2019,59 ST COLUMBUS-1ABCD,Monday,40.76811,-73.981891,8787.0,15784.0
533,12,10/14/2019,59 ST-456NQRW,Monday,40.762796,-73.967686,6014.0,15318.0
534,12,10/14/2019,59 ST-NRW,Monday,40.641426,-74.017972,2675.0,1002.0
535,12,10/14/2019,7 AV-BDE,Monday,40.762877,-73.98159,2263.0,5424.0
536,12,10/14/2019,7 AV-BQ,Monday,40.677172,-73.972514,2446.0,1012.0
537,12,10/14/2019,7 AV-FG,Monday,40.666276,-73.980324,2413.0,945.0
538,12,10/14/2019,GRD CNTRL-42 ST-4567S,Monday,40.751849,-73.976945,21027.0,36035.0
539,12,10/14/2019,LEXINGTON AV/53-6EM,Monday,40.757529999999996,-73.969102,3860.0,17260.0
540,12,10/14/2019,TIMES SQ-42 ST-1237ACENQRS,Monday,40.755905,-73.98650400000001,2316.0,2583.0
541,12,10/14/2019,TIMES SQ-42 ST-1237ACENQRSW,Monday,40.755905,-73.98650400000001,8418.0,26420.0
542,12,10/15/2019,42 ST-BRYANT PK-7BDFM,Tuesday,40.754197999999995,-73.984573,4538.0,24202.0
543,12,10/15/2019,42 ST-PORT AUTH-1237ACEGNRSW,Tuesday,40.757303,-73.98978699999999,1758.0,2458.0
544,12,10/15/2019,42 ST-PORT AUTH-1237ACENQRSW,Tuesday,40.757303,-73.98978699999999,15624.0,8814.0
545,12,10/15/2019,47-50 STS ROCK-BDFM,Tuesday,40.758652000000005,-73.981311,3894.0,36700.0
546,12,10/15/2019,49 ST-NQRW,Tuesday,40.760139,-73.984112,3088.0,7326.0
547,12,10/15/2019,5 AV/53 ST-EM,Tuesday,40.760179,-73.975196,3008.0,5984.0
548,12,10/15/2019,5 AV/59 ST-NQRW,Tuesday,40.764909,-73.973372,2357.0,3421.0
549,12,10/15/2019,5 AVE-7BDFM,Tuesday,40.753824,-73.981966,1072.0,5835.0
550,12,10/15/2019,50 ST-1,Tuesday,40.761675,-73.983908,3733.0,10785.0
551,12,10/15/2019,50 ST-CE,Tuesday,40.762439,-73.985989,4340.0,4440.0
552,12,10/15/2019,50 ST-D,Tuesday,40.636232,-73.994765,668.0,522.0
553,12,10/15/2019,51 ST-6,Tuesday,40.757108,-73.97187,3038.0,12401.0
554,12,10/15/2019,57 ST-7 AV-NQRW,Tuesday,40.764755,-73.980646,5363.0,10567.0
555,12,10/15/2019,57 ST-F,Tuesday,40.763625,-73.977449,1856.0,4783.0
556,12,10/15/2019,59 ST COLUMBUS-1ABCD,Tuesday,40.76811,-73.981891,12163.0,25317.0
557,12,10/15/2019,59 ST-456NQRW,Tuesday,40.762796,-73.967686,8108.0,20489.0
558,12,10/15/2019,59 ST-NRW,Tuesday,40.641426,-74.017972,3700.0,1109.0
559,12,10/15/2019,7 AV-BDE,Tuesday,40.762877,-73.98159,2484.0,6935.0
560,12,10/15/2019,7 AV-BQ,Tuesday,40.677172,-73.972514,2906.0,1117.0
561,12,10/15/2019,7 AV-FG,Tuesday,40.666276,-73.980324,2534.0,1030.0
562,12,10/15/2019,GRD CNTRL-42 ST-4567S,Tuesday,40.751849,-73.976945,27872.0,45751.0
563,12,10/15/2019,LEXINGTON AV/53-6EM,Tuesday,40.757529999999996,-73.969102,5281.0,24669.0
564,12,10/15/2019,TIMES SQ-42 ST-1237ACENQRS,Tuesday,40.755905,-73.98650400000001,2863.0,3429.0
565,12,10/15/2019,TIMES SQ-42 ST-1237ACENQRSW,Tuesday,40.755905,-73.98650400000001,11438.0,34887.0
566,12,10/16/2019,42 ST-BRYANT PK-7BDFM,Wednesday,40.754197999999995,-73.984573,3835.0,23324.0
567,12,10/16/2019,42 ST-PORT AUTH-1237ACEGNRSW,Wednesday,40.757303,-73.98978699999999,1772.0,3082.0
568,12,10/16/2019,42 ST-PORT AUTH-1237ACENQRSW,Wednesday,40.757303,-73.98978699999999,20243.0,11149.0
569,12,10/16/2019,47-50 STS ROCK-BDFM,Wednesday,40.758652000000005,-73.981311,3918.0,38927.0
570,12,10/16/2019,49 ST-NQRW,Wednesday,40.760139,-73.984112,3145.0,7514.0
571,12,10/16/2019,5 AV/53 ST-EM,Wednesday,40.760179,-73.975196,3188.0,5838.0
572,12,10/16/2019,5 AV/59 ST-NQRW,Wednesday,40.764909,-73.973372,2192.0,3053.0
573,12,10/16/2019,5 AVE-7BDFM,Wednesday,40.753824,-73.981966,975.0,5819.0
574,12,10/16/2019,50 ST-1,Wednesday,40.761675,-73.983908,3541.0,11355.0
575,12,10/16/2019,50 ST-CE,Wednesday,40.762439,-73.985989,4340.0,4302.0
576,12,10/16/2019,50 ST-D,Wednesday,40.636232,-73.994765,795.0,729.0
577,12,10/16/2019,51 ST-6,Wednesday,40.757108,-73.97187,3186.0,12508.0
578,12,10/16/2019,57 ST-7 AV-NQRW,Wednesday,40.764755,-73.980646,5049.0,10689.0
579,12,10/16/2019,57 ST-F,Wednesday,40.763625,-73.977449,1823.0,4865.0
580,12,10/16/2019,59 ST COLUMBUS-1ABCD,Wednesday,40.76811,-73.981891,12490.0,25043.0
581,12,10/16/2019,59 ST-456NQRW,Wednesday,40.762796,-73.967686,8399.0,21257.0
582,12,10/16/2019,59 ST-NRW,Wednesday,40.641426,-74.017972,3800.0,1192.0
583,12,10/16/2019,7 AV-BDE,Wednesday,40.762877,-73.98159,2263.0,6825.0
584,12,10/16/2019,7 AV-BQ,Wednesday,40.677172,-73.972514,2965.0,1139.0
585,12,10/16/2019,7 AV-FG,Wednesday,40.666276,-73.980324,2730.0,1013.0
586,12,10/16/2019,GRD CNTRL-42 ST-4567S,Wednesday,40.751849,-73.976945,27732.0,46420.0
587,12,10/16/2019,LEXINGTON AV/53-6EM,Wednesday,40.757529999999996,-73.969102,5368.0,24987.0
588,12,10/16/2019,TIMES SQ-42 ST-1237ACENQRS,Wednesday,40.755905,-73.98650400000001,2686.0,3283.0
589,12,10/16/2019,TIMES SQ-42 ST-1237ACENQRSW,Wednesday,40.755905,-73.98650400000001,11130.0,36518.0
590,12,10/17/2019,42 ST-BRYANT PK-7BDFM,Thursday,40.754197999999995,-73.984573,3725.0,22638.0
591,12,10/17/2019,42 ST-PORT AUTH-1237ACEGNRSW,Thursday,40.757303,-73.98978699999999,1878.0,2781.0
592,12,10/17/2019,42 ST-PORT AUTH-1237ACENQRSW,Thursday,40.757303,-73.98978699999999,20823.0,10725.0
593,12,10/17/2019,47-50 STS ROCK-BDFM,Thursday,40.758652000000005,-73.981311,4168.0,38850.0
594,12,10/17/2019,49 ST-NQRW,Thursday,40.760139,-73.984112,3341.0,7499.0
595,12,10/17/2019,5 AV/53 ST-EM,Thursday,40.760179,-73.975196,3403.0,6574.0
596,12,10/17/2019,5 AV/59 ST-NQRW,Thursday,40.764909,-73.973372,2303.0,3160.0
597,12,10/17/2019,5 AVE-7BDFM,Thursday,40.753824,-73.981966,991.0,6185.0
598,12,10/17/2019,50 ST-1,Thursday,40.761675,-73.983908,3733.0,11269.0
599,12,10/17/2019,50 ST-CE,Thursday,40.762439,-73.985989,4771.0,4603.0
600,12,10/17/2019,50 ST-D,Thursday,40.636232,-73.994765,851.0,717.0
601,12,10/17/2019,51 ST-6,Thursday,40.757108,-73.97187,3189.0,12584.0
602,12,10/17/2019,57 ST-7 AV-NQRW,Thursday,40.764755,-73.980646,5054.0,10269.0
603,12,10/17/2019,57 ST-F,Thursday,40.763625,-73.977449,1997.0,5343.0
604,12,10/17/2019,59 ST COLUMBUS-1ABCD,Thursday,40.76811,-73.981891,12985.0,25231.0
605,12,10/17/2019,59 ST-456NQRW,Thursday,40.762796,-73.967686,8387.0,22020.0
606,12,10/17/2019,59 ST-NRW,Thursday,40.641426,-74.017972,3745.0,1171.0
607,12,10/17/2019,7 AV-BDE,Thursday,40.762877,-73.98159,2557.0,7099.0
608,12,10/17/2019,7 AV-BQ,Thursday,40.677172,-73.972514,2999.0,1174.0
609,12,10/17/2019,7 AV-FG,Thursday,40.666276,-73.980324,2807.0,1015.0
610,12,10/17/2019,GRD CNTRL-42 ST-4567S,Thursday,40.751849,-73.976945,28567.0,48760.0
611,12,10/17/2019,LEXINGTON AV/53-6EM,Thursday,40.757529999999996,-73.969102,5707.0,26385.0
612,12,10/17/2019,TIMES SQ-42 ST-1237ACENQRS,Thursday,40.755905,-73.98650400000001,2935.0,3346.0
613,12,10/17/2019,TIMES SQ-42 ST-1237ACENQRSW,Thursday,40.755905,-73.98650400000001,11236.0,35995.0
614,12,10/18/2019,42 ST-BRYANT PK-7BDFM,Friday,40.754197999999995,-73.984573,3821.0,21139.0
615,12,10/18/2019,42 ST-PORT AUTH-1237ACEGNRSW,Friday,40.757303,-73.98978699999999,1991.0,2463.0
616,12,10/18/2019,42 ST-PORT AUTH-1237ACENQRSW,Friday,40.757303,-73.98978699999999,19821.0,11313.0
617,12,10/18/2019,47-50 STS ROCK-BDFM,Friday,40.758652000000005,-73.981311,4173.0,35696.0
618,12,10/18/2019,49 ST-NQRW,Friday,40.760139,-73.984112,3103.0,6991.0
619,12,10/18/2019,5 AV/53 ST-EM,Friday,40.760179,-73.975196,3818.0,6077.0
620,12,10/18/2019,5 AV/59 ST-NQRW,Friday,40.764909,-73.973372,2454.0,3491.0
621,12,10/18/2019,5 AVE-7BDFM,Friday,40.753824,-73.981966,1038.0,5361.0
622,12,10/18/2019,50 ST-1,Friday,40.761675,-73.983908,3851.0,10495.0
623,12,10/18/2019,50 ST-CE,Friday,40.762439,-73.985989,4712.0,4354.0
624,12,10/18/2019,50 ST-D,Friday,40.636232,-73.994765,709.0,667.0
625,12,10/18/2019,51 ST-6,Friday,40.757108,-73.97187,3136.0,11613.0
626,12,10/18/2019,57 ST-7 AV-NQRW,Friday,40.764755,-73.980646,4962.0,9344.0
627,12,10/18/2019,57 ST-F,Friday,40.763625,-73.977449,1988.0,4939.0
628,12,10/18/2019,59 ST COLUMBUS-1ABCD,Friday,40.76811,-73.981891,12010.0,22059.0
629,12,10/18/2019,59 ST-456NQRW,Friday,40.762796,-73.967686,4141.0,9018.0
630,12,10/18/2019,59 ST-NRW,Friday,40.641426,-74.017972,3914.0,1353.0
631,12,10/18/2019,7 AV-BDE,Friday,40.762877,-73.98159,2644.0,6773.0
632,12,10/18/2019,7 AV-BQ,Friday,40.677172,-73.972514,2753.0,1149.0
633,12,10/18/2019,7 AV-FG,Friday,40.666276,-73.980324,2694.0,1135.0
634,12,10/18/2019,GRD CNTRL-42 ST-4567S,Friday,40.751849,-73.976945,23637.0,35150.0
635,12,10/18/2019,LEXINGTON AV/53-6EM,Friday,40.757529999999996,-73.969102,5273.0,22847.0
636,12,10/18/2019,TIMES SQ-42 ST-1237ACENQRS,Friday,40.755905,-73.98650400000001,3059.0,3103.0
637,12,10/18/2019,TIMES SQ-42 ST-1237ACENQRSW,Friday,40.755905,-73.98650400000001,10868.0,33644.0
638,16,10/12/2019,42 ST-BRYANT PK-7BDFM,Saturday,40.754197999999995,-73.984573,4485.0,5969.0
639,16,10/12/2019,42 ST-PORT AUTH-1237ACEGNRSW,Saturday,40.757303,-73.98978699999999,3279.0,3223.0
640,16,10/12/2019,42 ST-PORT AUTH-1237ACENQRSW,Saturday,40.757303,-73.98978699999999,15199.0,16841.0
641,16,10/12/2019,47-50 STS ROCK-BDFM,Saturday,40.758652000000005,-73.981311,5508.0,6902.0
642,16,10/12/2019,49 ST-NQRW,Saturday,40.760139,-73.984112,2619.0,1920.0
643,16,10/12/2019,5 AV/53 ST-EM,Saturday,40.760179,-73.975196,2686.0,2889.0
644,16,10/12/2019,5 AV/59 ST-NQRW,Saturday,40.764909,-73.973372,4398.0,2101.0
645,16,10/12/2019,5 AVE-7BDFM,Saturday,40.753824,-73.981966,1929.0,1756.0
646,16,10/12/2019,50 ST-1,Saturday,40.761675,-73.983908,1439.0,2792.0
647,16,10/12/2019,50 ST-CE,Saturday,40.762439,-73.985989,4121.0,2736.0
648,16,10/12/2019,50 ST-D,Saturday,40.636232,-73.994765,284.0,180.0
649,16,10/12/2019,51 ST-6,Saturday,40.757108,-73.97187,2535.0,2746.0
650,16,10/12/2019,57 ST-7 AV-NQRW,Saturday,40.764755,-73.980646,5788.0,4622.0
651,16,10/12/2019,57 ST-F,Saturday,40.763625,-73.977449,3445.0,3995.0
652,16,10/12/2019,59 ST COLUMBUS-1ABCD,Saturday,40.76811,-73.981891,13942.0,13010.0
653,16,10/12/2019,59 ST-456NQRW,Saturday,40.762796,-73.967686,7996.0,8321.0
654,16,10/12/2019,59 ST-NRW,Saturday,40.641426,-74.017972,2021.0,1371.0
655,16,10/12/2019,7 AV-BDE,Saturday,40.762877,-73.98159,2560.0,2811.0
656,16,10/12/2019,7 AV-BQ,Saturday,40.677172,-73.972514,1572.0,1524.0
657,16,10/12/2019,7 AV-FG,Saturday,40.666276,-73.980324,2002.0,1170.0
658,16,10/12/2019,GRD CNTRL-42 ST-4567S,Saturday,40.751849,-73.976945,18703.0,16885.0
659,16,10/12/2019,LEXINGTON AV/53-6EM,Saturday,40.757529999999996,-73.969102,3639.0,3552.0
660,16,10/12/2019,TIMES SQ-42 ST-1237ACENQRS,Saturday,40.755905,-73.98650400000001,3653.0,1899.0
661,16,10/12/2019,TIMES SQ-42 ST-1237ACENQRSW,Saturday,40.755905,-73.98650400000001,9683.0,18024.0
662,16,10/13/2019,42 ST-BRYANT PK-7BDFM,Sunday,40.754197999999995,-73.984573,3651.0,5270.0
663,16,10/13/2019,42 ST-PORT AUTH-1237ACEGNRSW,Sunday,40.757303,-73.98978699999999,2792.0,3164.0
664,16,10/13/2019,42 ST-PORT AUTH-1237ACENQRSW,Sunday,40.757303,-73.98978699999999,10126.0,10332.0
665,16,10/13/2019,47-50 STS ROCK-BDFM,Sunday,40.758652000000005,-73.981311,5058.0,6519.0
666,16,10/13/2019,49 ST-NQRW,Sunday,40.760139,-73.984112,2301.0,1329.0
667,16,10/13/2019,5 AV/53 ST-EM,Sunday,40.760179,-73.975196,2678.0,2290.0
668,16,10/13/2019,5 AV/59 ST-NQRW,Sunday,40.764909,-73.973372,4837.0,2054.0
669,16,10/13/2019,5 AVE-7BDFM,Sunday,40.753824,-73.981966,1468.0,1810.0
670,16,10/13/2019,50 ST-1,Sunday,40.761675,-73.983908,1546.0,2930.0
671,16,10/13/2019,50 ST-CE,Sunday,40.762439,-73.985989,4278.0,2946.0
672,16,10/13/2019,50 ST-D,Sunday,40.636232,-73.994765,391.0,162.0
673,16,10/13/2019,51 ST-6,Sunday,40.757108,-73.97187,2430.0,2521.0
674,16,10/13/2019,57 ST-7 AV-NQRW,Sunday,40.764755,-73.980646,5537.0,4412.0
675,16,10/13/2019,57 ST-F,Sunday,40.763625,-73.977449,3646.0,4332.0
676,16,10/13/2019,59 ST COLUMBUS-1ABCD,Sunday,40.76811,-73.981891,11968.0,13313.0
677,16,10/13/2019,59 ST-456NQRW,Sunday,40.762796,-73.967686,6699.0,7297.0
678,16,10/13/2019,59 ST-NRW,Sunday,40.641426,-74.017972,1728.0,1041.0
679,16,10/13/2019,7 AV-BDE,Sunday,40.762877,-73.98159,2516.0,2825.0
680,16,10/13/2019,7 AV-BQ,Sunday,40.677172,-73.972514,1472.0,1407.0
681,16,10/13/2019,7 AV-FG,Sunday,40.666276,-73.980324,1721.0,1137.0
682,16,10/13/2019,GRD CNTRL-42 ST-4567S,Sunday,40.751849,-73.976945,15270.0,14242.0
683,16,10/13/2019,LEXINGTON AV/53-6EM,Sunday,40.757529999999996,-73.969102,2815.0,3058.0
684,16,10/13/2019,TIMES SQ-42 ST-1237ACENQRS,Sunday,40.755905,-73.98650400000001,3000.0,1737.0
685,16,10/13/2019,TIMES SQ-42 ST-1237ACENQRSW,Sunday,40.755905,-73.98650400000001,8326.0,17015.0
686,16,10/14/2019,42 ST-BRYANT PK-7BDFM,Monday,40.754197999999995,-73.984573,6804.0,6434.0
687,16,10/14/2019,42 ST-PORT AUTH-1237ACEGNRSW,Monday,40.757303,-73.98978699999999,3085.0,2744.0
688,16,10/14/2019,42 ST-PORT AUTH-1237ACENQRSW,Monday,40.757303,-73.98978699999999,10699.0,11935.0
689,16,10/14/2019,47-50 STS ROCK-BDFM,Monday,40.758652000000005,-73.981311,10894.0,9261.0
690,16,10/14/2019,49 ST-NQRW,Monday,40.760139,-73.984112,3762.0,3183.0
691,16,10/14/2019,5 AV/53 ST-EM,Monday,40.760179,-73.975196,10895.0,3762.0
692,16,10/14/2019,5 AV/59 ST-NQRW,Monday,40.764909,-73.973372,7774.0,2769.0
693,16,10/14/2019,5 AVE-7BDFM,Monday,40.753824,-73.981966,2298.0,1985.0
694,16,10/14/2019,50 ST-1,Monday,40.761675,-73.983908,3959.0,3574.0
695,16,10/14/2019,50 ST-CE,Monday,40.762439,-73.985989,3419.0,2250.0
696,16,10/14/2019,50 ST-D,Monday,40.636232,-73.994765,538.0,397.0
697,16,10/14/2019,51 ST-6,Monday,40.757108,-73.97187,3725.0,3320.0
698,16,10/14/2019,57 ST-7 AV-NQRW,Monday,40.764755,-73.980646,6257.0,3996.0
699,16,10/14/2019,57 ST-F,Monday,40.763625,-73.977449,4264.0,2687.0
700,16,10/14/2019,59 ST COLUMBUS-1ABCD,Monday,40.76811,-73.981891,14241.0,12585.0
701,16,10/14/2019,59 ST-456NQRW,Monday,40.762796,-73.967686,10537.0,9251.0
702,16,10/14/2019,59 ST-NRW,Monday,40.641426,-74.017972,1881.0,1167.0
703,16,10/14/2019,7 AV-BDE,Monday,40.762877,-73.98159,4386.0,3496.0
704,16,10/14/2019,7 AV-BQ,Monday,40.677172,-73.972514,1550.0,1746.0
705,16,10/14/2019,7 AV-FG,Monday,40.666276,-73.980324,1947.0,1351.0
706,16,10/14/2019,GRD CNTRL-42 ST-4567S,Monday,40.751849,-73.976945,26451.0,19740.0
707,16,10/14/2019,LEXINGTON AV/53-6EM,Monday,40.757529999999996,-73.969102,5964.0,5804.0
708,16,10/14/2019,TIMES SQ-42 ST-1237ACENQRS,Monday,40.755905,-73.98650400000001,3320.0,1635.0
709,16,10/14/2019,TIMES SQ-42 ST-1237ACENQRSW,Monday,40.755905,-73.98650400000001,11160.0,15512.0
710,16,10/15/2019,42 ST-BRYANT PK-7BDFM,Tuesday,40.754197999999995,-73.984573,7919.0,6489.0
711,16,10/15/2019,42 ST-PORT AUTH-1237ACEGNRSW,Tuesday,40.757303,-73.98978699999999,4405.0,3735.0
712,16,10/15/2019,42 ST-PORT AUTH-1237ACENQRSW,Tuesday,40.757303,-73.98978699999999,11600.0,13768.0
713,16,10/15/2019,47-50 STS ROCK-BDFM,Tuesday,40.758652000000005,-73.981311,11568.0,9489.0
714,16,10/15/2019,49 ST-NQRW,Tuesday,40.760139,-73.984112,4109.0,3188.0
715,16,10/15/2019,5 AV/53 ST-EM,Tuesday,40.760179,-73.975196,13957.0,4131.0
716,16,10/15/2019,5 AV/59 ST-NQRW,Tuesday,40.764909,-73.973372,7718.0,2580.0
717,16,10/15/2019,5 AVE-7BDFM,Tuesday,40.753824,-73.981966,2854.0,1942.0
718,16,10/15/2019,50 ST-1,Tuesday,40.761675,-73.983908,4912.0,4063.0
719,16,10/15/2019,50 ST-CE,Tuesday,40.762439,-73.985989,4984.0,2441.0
720,16,10/15/2019,50 ST-D,Tuesday,40.636232,-73.994765,600.0,474.0
721,16,10/15/2019,51 ST-6,Tuesday,40.757108,-73.97187,4772.0,4120.0
722,16,10/15/2019,57 ST-7 AV-NQRW,Tuesday,40.764755,-73.980646,7097.0,4136.0
723,16,10/15/2019,57 ST-F,Tuesday,40.763625,-73.977449,4215.0,2756.0
724,16,10/15/2019,59 ST COLUMBUS-1ABCD,Tuesday,40.76811,-73.981891,19800.0,14118.0
725,16,10/15/2019,59 ST-456NQRW,Tuesday,40.762796,-73.967686,10612.0,7471.0
726,16,10/15/2019,59 ST-NRW,Tuesday,40.641426,-74.017972,1981.0,1603.0
727,16,10/15/2019,7 AV-BDE,Tuesday,40.762877,-73.98159,5401.0,3728.0
728,16,10/15/2019,7 AV-BQ,Tuesday,40.677172,-73.972514,1939.0,2051.0
729,16,10/15/2019,7 AV-FG,Tuesday,40.666276,-73.980324,3272.0,1904.0
730,16,10/15/2019,GRD CNTRL-42 ST-4567S,Tuesday,40.751849,-73.976945,32046.0,24713.0
731,16,10/15/2019,LEXINGTON AV/53-6EM,Tuesday,40.757529999999996,-73.969102,8135.0,6390.0
732,16,10/15/2019,TIMES SQ-42 ST-1237ACENQRS,Tuesday,40.755905,-73.98650400000001,3651.0,1610.0
733,16,10/15/2019,TIMES SQ-42 ST-1237ACENQRSW,Tuesday,40.755905,-73.98650400000001,13256.0,16583.0
734,16,10/16/2019,42 ST-BRYANT PK-7BDFM,Wednesday,40.754197999999995,-73.984573,8986.0,7933.0
735,16,10/16/2019,42 ST-PORT AUTH-1237ACEGNRSW,Wednesday,40.757303,-73.98978699999999,5612.0,3875.0
736,16,10/16/2019,42 ST-PORT AUTH-1237ACENQRSW,Wednesday,40.757303,-73.98978699999999,11074.0,15459.0
737,16,10/16/2019,47-50 STS ROCK-BDFM,Wednesday,40.758652000000005,-73.981311,12437.0,10398.0
738,16,10/16/2019,49 ST-NQRW,Wednesday,40.760139,-73.984112,4522.0,3608.0
739,16,10/16/2019,5 AV/53 ST-EM,Wednesday,40.760179,-73.975196,16513.0,4195.0
740,16,10/16/2019,5 AV/59 ST-NQRW,Wednesday,40.764909,-73.973372,7717.0,2185.0
741,16,10/16/2019,50 ST-1,Wednesday,40.761675,-73.983908,5074.0,4341.0
742,16,10/16/2019,50 ST-CE,Wednesday,40.762439,-73.985989,5454.0,2594.0
743,16,10/16/2019,50 ST-D,Wednesday,40.636232,-73.994765,970.0,672.0
744,16,10/16/2019,51 ST-6,Wednesday,40.757108,-73.97187,5051.0,4659.0
745,16,10/16/2019,57 ST-7 AV-NQRW,Wednesday,40.764755,-73.980646,7408.0,4027.0
746,16,10/16/2019,57 ST-F,Wednesday,40.763625,-73.977449,4322.0,2567.0
747,16,10/16/2019,59 ST COLUMBUS-1ABCD,Wednesday,40.76811,-73.981891,19426.0,13318.0
748,16,10/16/2019,59 ST-456NQRW,Wednesday,40.762796,-73.967686,12925.0,9717.0
749,16,10/16/2019,59 ST-NRW,Wednesday,40.641426,-74.017972,1977.0,1637.0
750,16,10/16/2019,7 AV-BDE,Wednesday,40.762877,-73.98159,5533.0,4146.0
751,16,10/16/2019,7 AV-BQ,Wednesday,40.677172,-73.972514,1820.0,1945.0
752,16,10/16/2019,7 AV-FG,Wednesday,40.666276,-73.980324,3161.0,1827.0
753,16,10/16/2019,GRD CNTRL-42 ST-4567S,Wednesday,40.751849,-73.976945,34560.0,27415.0
754,16,10/16/2019,LEXINGTON AV/53-6EM,Wednesday,40.757529999999996,-73.969102,8611.0,6807.0
755,16,10/16/2019,TIMES SQ-42 ST-1237ACENQRS,Wednesday,40.755905,-73.98650400000001,3628.0,1743.0
756,16,10/16/2019,TIMES SQ-42 ST-1237ACENQRSW,Wednesday,40.755905,-73.98650400000001,14350.0,17968.0
757,16,10/17/2019,42 ST-BRYANT PK-7BDFM,Thursday,40.754197999999995,-73.984573,8454.0,8283.0
758,16,10/17/2019,42 ST-PORT AUTH-1237ACEGNRSW,Thursday,40.757303,-73.98978699999999,4462.0,3932.0
759,16,10/17/2019,42 ST-PORT AUTH-1237ACENQRSW,Thursday,40.757303,-73.98978699999999,12128.0,14536.0
760,16,10/17/2019,47-50 STS ROCK-BDFM,Thursday,40.758652000000005,-73.981311,12221.0,11187.0
761,16,10/17/2019,49 ST-NQRW,Thursday,40.760139,-73.984112,4426.0,3636.0
762,16,10/17/2019,5 AV/53 ST-EM,Thursday,40.760179,-73.975196,14762.0,4751.0
763,16,10/17/2019,5 AV/59 ST-NQRW,Thursday,40.764909,-73.973372,7643.0,2534.0
764,16,10/17/2019,5 AVE-7BDFM,Thursday,40.753824,-73.981966,3015.0,2296.0
765,16,10/17/2019,50 ST-1,Thursday,40.761675,-73.983908,5212.0,4122.0
766,16,10/17/2019,50 ST-CE,Thursday,40.762439,-73.985989,5422.0,2810.0
767,16,10/17/2019,50 ST-D,Thursday,40.636232,-73.994765,1215.0,761.0
768,16,10/17/2019,51 ST-6,Thursday,40.757108,-73.97187,4986.0,4622.0
769,16,10/17/2019,57 ST-7 AV-NQRW,Thursday,40.764755,-73.980646,7231.0,3948.0
770,16,10/17/2019,57 ST-F,Thursday,40.763625,-73.977449,4327.0,2858.0
771,16,10/17/2019,59 ST COLUMBUS-1ABCD,Thursday,40.76811,-73.981891,19796.0,14349.0
772,16,10/17/2019,59 ST-456NQRW,Thursday,40.762796,-73.967686,13486.0,9490.0
773,16,10/17/2019,59 ST-NRW,Thursday,40.641426,-74.017972,2094.0,1631.0
774,16,10/17/2019,7 AV-BDE,Thursday,40.762877,-73.98159,5302.0,3945.0
775,16,10/17/2019,7 AV-BQ,Thursday,40.677172,-73.972514,1931.0,1831.0
776,16,10/17/2019,7 AV-FG,Thursday,40.666276,-73.980324,3405.0,1849.0
777,16,10/17/2019,GRD CNTRL-42 ST-4567S,Thursday,40.751849,-73.976945,32941.0,27201.0
778,16,10/17/2019,LEXINGTON AV/53-6EM,Thursday,40.757529999999996,-73.969102,8660.0,7041.0
779,16,10/17/2019,TIMES SQ-42 ST-1237ACENQRS,Thursday,40.755905,-73.98650400000001,3662.0,1700.0
780,16,10/17/2019,TIMES SQ-42 ST-1237ACENQRSW,Thursday,40.755905,-73.98650400000001,13692.0,18806.0
781,16,10/18/2019,42 ST-BRYANT PK-7BDFM,Friday,40.754197999999995,-73.984573,9634.0,7936.0
782,16,10/18/2019,42 ST-PORT AUTH-1237ACEGNRSW,Friday,40.757303,-73.98978699999999,4462.0,3724.0
783,16,10/18/2019,42 ST-PORT AUTH-1237ACENQRSW,Friday,40.757303,-73.98978699999999,12309.0,15282.0
784,16,10/18/2019,47-50 STS ROCK-BDFM,Friday,40.758652000000005,-73.981311,14040.0,10696.0
785,16,10/18/2019,49 ST-NQRW,Friday,40.760139,-73.984112,4698.0,3573.0
786,16,10/18/2019,5 AV/53 ST-EM,Friday,40.760179,-73.975196,15412.0,4576.0
787,16,10/18/2019,5 AV/59 ST-NQRW,Friday,40.764909,-73.973372,8004.0,2743.0
788,16,10/18/2019,5 AVE-7BDFM,Friday,40.753824,-73.981966,3095.0,2200.0
789,16,10/18/2019,50 ST-1,Friday,40.761675,-73.983908,5626.0,4422.0
790,16,10/18/2019,50 ST-CE,Friday,40.762439,-73.985989,5451.0,2694.0
791,16,10/18/2019,50 ST-D,Friday,40.636232,-73.994765,797.0,603.0
792,16,10/18/2019,51 ST-6,Friday,40.757108,-73.97187,5138.0,4661.0
793,16,10/18/2019,57 ST-7 AV-NQRW,Friday,40.764755,-73.980646,7450.0,3955.0
794,16,10/18/2019,57 ST-F,Friday,40.763625,-73.977449,4944.0,2956.0
795,16,10/18/2019,59 ST COLUMBUS-1ABCD,Friday,40.76811,-73.981891,19958.0,13916.0
796,16,10/18/2019,59 ST-456NQRW,Friday,40.762796,-73.967686,14251.0,10385.0
797,16,10/18/2019,59 ST-NRW,Friday,40.641426,-74.017972,1820.0,1455.0
798,16,10/18/2019,7 AV-BDE,Friday,40.762877,-73.98159,5740.0,3794.0
799,16,10/18/2019,7 AV-BQ,Friday,40.677172,-73.972514,2090.0,2252.0
800,16,10/18/2019,7 AV-FG,Friday,40.666276,-73.980324,3387.0,1936.0
801,16,10/18/2019,GRD CNTRL-42 ST-4567S,Friday,40.751849,-73.976945,34435.0,27356.0
802,16,10/18/2019,LEXINGTON AV/53-6EM,Friday,40.757529999999996,-73.969102,9063.0,6663.0
803,16,10/18/2019,TIMES SQ-42 ST-1237ACENQRS,Friday,40.755905,-73.98650400000001,4105.0,1769.0
804,16,10/18/2019,TIMES SQ-42 ST-1237ACENQRSW,Friday,40.755905,-73.98650400000001,14914.0,18419.0
805,20,10/12/2019,42 ST-BRYANT PK-7BDFM,Saturday,40.754197999999995,-73.984573,6537.0,6050.0
806,20,10/12/2019,42 ST-PORT AUTH-1237ACEGNRSW,Saturday,40.757303,-73.98978699999999,2689.0,3579.0
807,20,10/12/2019,42 ST-PORT AUTH-1237ACENQRSW,Saturday,40.757303,-73.98978699999999,8267.0,7886.0
808,20,10/12/2019,47-50 STS ROCK-BDFM,Saturday,40.758652000000005,-73.981311,9050.0,8144.0
809,20,10/12/2019,49 ST-NQRW,Saturday,40.760139,-73.984112,3620.0,1468.0
810,20,10/12/2019,5 AV/53 ST-EM,Saturday,40.760179,-73.975196,2301.0,1502.0
811,20,10/12/2019,5 AV/59 ST-NQRW,Saturday,40.764909,-73.973372,3025.0,695.0
812,20,10/12/2019,5 AVE-7BDFM,Saturday,40.753824,-73.981966,2617.0,1617.0
813,20,10/12/2019,50 ST-1,Saturday,40.761675,-73.983908,2426.0,3971.0
814,20,10/12/2019,50 ST-CE,Saturday,40.762439,-73.985989,5545.0,3611.0
815,20,10/12/2019,50 ST-D,Saturday,40.636232,-73.994765,191.0,212.0
816,20,10/12/2019,51 ST-6,Saturday,40.757108,-73.97187,2881.0,2966.0
817,20,10/12/2019,57 ST-7 AV-NQRW,Saturday,40.764755,-73.980646,7855.0,4261.0
818,20,10/12/2019,57 ST-F,Saturday,40.763625,-73.977449,3623.0,3026.0
819,20,10/12/2019,59 ST COLUMBUS-1ABCD,Saturday,40.76811,-73.981891,17652.0,11262.0
820,20,10/12/2019,59 ST-456NQRW,Saturday,40.762796,-73.967686,10183.0,6164.0
821,20,10/12/2019,59 ST-NRW,Saturday,40.641426,-74.017972,1556.0,1752.0
822,20,10/12/2019,7 AV-BDE,Saturday,40.762877,-73.98159,2643.0,2949.0
823,20,10/12/2019,7 AV-BQ,Saturday,40.677172,-73.972514,1388.0,1576.0
824,20,10/12/2019,7 AV-FG,Saturday,40.666276,-73.980324,1721.0,1272.0
825,20,10/12/2019,GRD CNTRL-42 ST-4567S,Saturday,40.751849,-73.976945,17297.0,15211.0
826,20,10/12/2019,LEXINGTON AV/53-6EM,Saturday,40.757529999999996,-73.969102,3934.0,4018.0
827,20,10/12/2019,TIMES SQ-42 ST-1237ACENQRS,Saturday,40.755905,-73.98650400000001,5589.0,1558.0
828,20,10/12/2019,TIMES SQ-42 ST-1237ACENQRSW,Saturday,40.755905,-73.98650400000001,13945.0,22655.0
829,20,10/13/2019,42 ST-BRYANT PK-7BDFM,Sunday,40.754197999999995,-73.984573,5399.0,4794.0
830,20,10/13/2019,42 ST-PORT AUTH-1237ACEGNRSW,Sunday,40.757303,-73.98978699999999,2658.0,2373.0
831,20,10/13/2019,42 ST-PORT AUTH-1237ACENQRSW,Sunday,40.757303,-73.98978699999999,10686.0,10923.0
832,20,10/13/2019,47-50 STS ROCK-BDFM,Sunday,40.758652000000005,-73.981311,8235.0,5257.0
833,20,10/13/2019,49 ST-NQRW,Sunday,40.760139,-73.984112,2852.0,1192.0
834,20,10/13/2019,5 AV/53 ST-EM,Sunday,40.760179,-73.975196,1792.0,807.0
835,20,10/13/2019,5 AV/59 ST-NQRW,Sunday,40.764909,-73.973372,2444.0,490.0
836,20,10/13/2019,5 AVE-7BDFM,Sunday,40.753824,-73.981966,2107.0,1213.0
837,20,10/13/2019,50 ST-1,Sunday,40.761675,-73.983908,2298.0,2779.0
838,20,10/13/2019,50 ST-CE,Sunday,40.762439,-73.985989,5512.0,3062.0
839,20,10/13/2019,50 ST-D,Sunday,40.636232,-73.994765,319.0,213.0
840,20,10/13/2019,51 ST-6,Sunday,40.757108,-73.97187,2371.0,2312.0
841,20,10/13/2019,57 ST-7 AV-NQRW,Sunday,40.764755,-73.980646,7465.0,2913.0
842,20,10/13/2019,57 ST-F,Sunday,40.763625,-73.977449,3619.0,2036.0
843,20,10/13/2019,59 ST COLUMBUS-1ABCD,Sunday,40.76811,-73.981891,16529.0,8232.0
844,20,10/13/2019,59 ST-456NQRW,Sunday,40.762796,-73.967686,8213.0,4938.0
845,20,10/13/2019,59 ST-NRW,Sunday,40.641426,-74.017972,1160.0,1424.0
846,20,10/13/2019,7 AV-BDE,Sunday,40.762877,-73.98159,2303.0,1986.0
847,20,10/13/2019,7 AV-BQ,Sunday,40.677172,-73.972514,1054.0,1326.0
848,20,10/13/2019,7 AV-FG,Sunday,40.666276,-73.980324,1175.0,1185.0
849,20,10/13/2019,GRD CNTRL-42 ST-4567S,Sunday,40.751849,-73.976945,14637.0,12520.0
850,20,10/13/2019,LEXINGTON AV/53-6EM,Sunday,40.757529999999996,-73.969102,3062.0,2958.0
851,20,10/13/2019,TIMES SQ-42 ST-1237ACENQRS,Sunday,40.755905,-73.98650400000001,4831.0,1371.0
852,20,10/13/2019,TIMES SQ-42 ST-1237ACENQRSW,Sunday,40.755905,-73.98650400000001,11836.0,17511.0
853,20,10/14/2019,42 ST-BRYANT PK-7BDFM,Monday,40.754197999999995,-73.984573,17920.0,5975.0
854,20,10/14/2019,42 ST-PORT AUTH-1237ACEGNRSW,Monday,40.757303,-73.98978699999999,2869.0,2457.0
855,20,10/14/2019,42 ST-PORT AUTH-1237ACENQRSW,Monday,40.757303,-73.98978699999999,12422.0,19847.0
856,20,10/14/2019,47-50 STS ROCK-BDFM,Monday,40.758652000000005,-73.981311,29610.0,6268.0
857,20,10/14/2019,49 ST-NQRW,Monday,40.760139,-73.984112,8599.0,3613.0
858,20,10/14/2019,5 AV/53 ST-EM,Monday,40.760179,-73.975196,7190.0,1582.0
859,20,10/14/2019,5 AV/59 ST-NQRW,Monday,40.764909,-73.973372,4033.0,837.0
860,20,10/14/2019,5 AVE-7BDFM,Monday,40.753824,-73.981966,5282.0,1888.0
861,20,10/14/2019,50 ST-1,Monday,40.761675,-73.983908,9437.0,4348.0
862,20,10/14/2019,50 ST-CE,Monday,40.762439,-73.985989,5556.0,3405.0
863,20,10/14/2019,50 ST-D,Monday,40.636232,-73.994765,512.0,617.0
864,20,10/14/2019,51 ST-6,Monday,40.757108,-73.97187,8821.0,3143.0
865,20,10/14/2019,57 ST-7 AV-NQRW,Monday,40.764755,-73.980646,13365.0,3710.0
866,20,10/14/2019,57 ST-F,Monday,40.763625,-73.977449,5568.0,1653.0
867,20,10/14/2019,59 ST COLUMBUS-1ABCD,Monday,40.76811,-73.981891,23315.0,11681.0
868,20,10/14/2019,59 ST-456NQRW,Monday,40.762796,-73.967686,20230.0,7616.0
869,20,10/14/2019,59 ST-NRW,Monday,40.641426,-74.017972,2417.0,1906.0
870,20,10/14/2019,7 AV-BDE,Monday,40.762877,-73.98159,6345.0,2629.0
871,20,10/14/2019,7 AV-BQ,Monday,40.677172,-73.972514,1492.0,3646.0
872,20,10/14/2019,7 AV-FG,Monday,40.666276,-73.980324,1748.0,2384.0
873,20,10/14/2019,GRD CNTRL-42 ST-4567S,Monday,40.751849,-73.976945,45807.0,23707.0
874,20,10/14/2019,LEXINGTON AV/53-6EM,Monday,40.757529999999996,-73.969102,15962.0,5353.0
875,20,10/14/2019,TIMES SQ-42 ST-1237ACENQRS,Monday,40.755905,-73.98650400000001,6319.0,1501.0
876,20,10/14/2019,TIMES SQ-42 ST-1237ACENQRSW,Monday,40.755905,-73.98650400000001,27301.0,19273.0
877,20,10/15/2019,42 ST-BRYANT PK-7BDFM,Tuesday,40.754197999999995,-73.984573,24777.0,6987.0
878,20,10/15/2019,42 ST-PORT AUTH-1237ACEGNRSW,Tuesday,40.757303,-73.98978699999999,4243.0,2909.0
879,20,10/15/2019,42 ST-PORT AUTH-1237ACENQRSW,Tuesday,40.757303,-73.98978699999999,13165.0,27049.0
880,20,10/15/2019,47-50 STS ROCK-BDFM,Tuesday,40.758652000000005,-73.981311,37399.0,8019.0
881,20,10/15/2019,49 ST-NQRW,Tuesday,40.760139,-73.984112,11214.0,4490.0
882,20,10/15/2019,5 AV/53 ST-EM,Tuesday,40.760179,-73.975196,9921.0,2069.0
883,20,10/15/2019,5 AV/59 ST-NQRW,Tuesday,40.764909,-73.973372,4795.0,899.0
884,20,10/15/2019,5 AVE-7BDFM,Tuesday,40.753824,-73.981966,7806.0,1841.0
885,20,10/15/2019,50 ST-1,Tuesday,40.761675,-73.983908,13192.0,5991.0
886,20,10/15/2019,50 ST-CE,Tuesday,40.762439,-73.985989,7668.0,4021.0
887,20,10/15/2019,50 ST-D,Tuesday,40.636232,-73.994765,616.0,849.0
888,20,10/15/2019,51 ST-6,Tuesday,40.757108,-73.97187,11664.0,3926.0
889,20,10/15/2019,57 ST-7 AV-NQRW,Tuesday,40.764755,-73.980646,17188.0,4738.0
890,20,10/15/2019,57 ST-F,Tuesday,40.763625,-73.977449,6721.0,2103.0
891,20,10/15/2019,59 ST COLUMBUS-1ABCD,Tuesday,40.76811,-73.981891,33071.0,14990.0
892,20,10/15/2019,59 ST-456NQRW,Tuesday,40.762796,-73.967686,27489.0,11265.0
893,20,10/15/2019,59 ST-NRW,Tuesday,40.641426,-74.017972,2765.0,2404.0
894,20,10/15/2019,7 AV-BDE,Tuesday,40.762877,-73.98159,8398.0,3791.0
895,20,10/15/2019,7 AV-BQ,Tuesday,40.677172,-73.972514,2028.0,5061.0
896,20,10/15/2019,7 AV-FG,Tuesday,40.666276,-73.980324,2392.0,3020.0
897,20,10/15/2019,GRD CNTRL-42 ST-4567S,Tuesday,40.751849,-73.976945,61179.0,32901.0
898,20,10/15/2019,LEXINGTON AV/53-6EM,Tuesday,40.757529999999996,-73.969102,22132.0,6784.0
899,20,10/15/2019,TIMES SQ-42 ST-1237ACENQRS,Tuesday,40.755905,-73.98650400000001,6991.0,1842.0
900,20,10/15/2019,TIMES SQ-42 ST-1237ACENQRSW,Tuesday,40.755905,-73.98650400000001,33620.0,23825.0
901,20,10/16/2019,42 ST-BRYANT PK-7BDFM,Wednesday,40.754197999999995,-73.984573,26365.0,7715.0
902,20,10/16/2019,42 ST-PORT AUTH-1237ACEGNRSW,Wednesday,40.757303,-73.98978699999999,4963.0,3970.0
903,20,10/16/2019,42 ST-PORT AUTH-1237ACENQRSW,Wednesday,40.757303,-73.98978699999999,13469.0,32832.0
904,20,10/16/2019,47-50 STS ROCK-BDFM,Wednesday,40.758652000000005,-73.981311,45560.0,8594.0
905,20,10/16/2019,49 ST-NQRW,Wednesday,40.760139,-73.984112,12427.0,4583.0
906,20,10/16/2019,5 AV/53 ST-EM,Wednesday,40.760179,-73.975196,11012.0,1971.0
907,20,10/16/2019,5 AV/59 ST-NQRW,Wednesday,40.764909,-73.973372,4820.0,930.0
908,20,10/16/2019,5 AVE-7BDFM,Wednesday,40.753824,-73.981966,12320.0,4177.0
909,20,10/16/2019,50 ST-1,Wednesday,40.761675,-73.983908,14328.0,6094.0
910,20,10/16/2019,50 ST-CE,Wednesday,40.762439,-73.985989,9369.0,4379.0
911,20,10/16/2019,50 ST-D,Wednesday,40.636232,-73.994765,738.0,1035.0
912,20,10/16/2019,51 ST-6,Wednesday,40.757108,-73.97187,12942.0,4030.0
913,20,10/16/2019,57 ST-7 AV-NQRW,Wednesday,40.764755,-73.980646,16479.0,4488.0
914,20,10/16/2019,57 ST-F,Wednesday,40.763625,-73.977449,6944.0,1884.0
915,20,10/16/2019,59 ST COLUMBUS-1ABCD,Wednesday,40.76811,-73.981891,32456.0,14013.0
916,20,10/16/2019,59 ST-456NQRW,Wednesday,40.762796,-73.967686,25159.0,9317.0
917,20,10/16/2019,59 ST-NRW,Wednesday,40.641426,-74.017972,2586.0,2239.0
918,20,10/16/2019,7 AV-BDE,Wednesday,40.762877,-73.98159,9706.0,3751.0
919,20,10/16/2019,7 AV-BQ,Wednesday,40.677172,-73.972514,1730.0,4453.0
920,20,10/16/2019,7 AV-FG,Wednesday,40.666276,-73.980324,2282.0,3174.0
921,20,10/16/2019,GRD CNTRL-42 ST-4567S,Wednesday,40.751849,-73.976945,72989.0,36250.0
922,20,10/16/2019,LEXINGTON AV/53-6EM,Wednesday,40.757529999999996,-73.969102,24917.0,8387.0
923,20,10/16/2019,TIMES SQ-42 ST-1237ACENQRS,Wednesday,40.755905,-73.98650400000001,6778.0,1712.0
924,20,10/16/2019,TIMES SQ-42 ST-1237ACENQRSW,Wednesday,40.755905,-73.98650400000001,37479.0,20768.0
925,20,10/17/2019,42 ST-BRYANT PK-7BDFM,Thursday,40.754197999999995,-73.984573,26840.0,7953.0
926,20,10/17/2019,42 ST-PORT AUTH-1237ACEGNRSW,Thursday,40.757303,-73.98978699999999,4339.0,3456.0
927,20,10/17/2019,42 ST-PORT AUTH-1237ACENQRSW,Thursday,40.757303,-73.98978699999999,13637.0,27870.0
928,20,10/17/2019,47-50 STS ROCK-BDFM,Thursday,40.758652000000005,-73.981311,40687.0,8517.0
929,20,10/17/2019,49 ST-NQRW,Thursday,40.760139,-73.984112,11882.0,4669.0
930,20,10/17/2019,5 AV/53 ST-EM,Thursday,40.760179,-73.975196,10169.0,2044.0
931,20,10/17/2019,5 AV/59 ST-NQRW,Thursday,40.764909,-73.973372,5013.0,1052.0
932,20,10/17/2019,5 AVE-7BDFM,Thursday,40.753824,-73.981966,8093.0,2055.0
933,20,10/17/2019,50 ST-1,Thursday,40.761675,-73.983908,13740.0,6192.0
934,20,10/17/2019,50 ST-CE,Thursday,40.762439,-73.985989,8394.0,4665.0
935,20,10/17/2019,50 ST-D,Thursday,40.636232,-73.994765,862.0,1448.0
936,20,10/17/2019,51 ST-6,Thursday,40.757108,-73.97187,12282.0,4286.0
937,20,10/17/2019,57 ST-7 AV-NQRW,Thursday,40.764755,-73.980646,16493.0,4820.0
938,20,10/17/2019,57 ST-F,Thursday,40.763625,-73.977449,6942.0,2258.0
939,20,10/17/2019,59 ST COLUMBUS-1ABCD,Thursday,40.76811,-73.981891,34442.0,15349.0
940,20,10/17/2019,59 ST-456NQRW,Thursday,40.762796,-73.967686,27934.0,10095.0
941,20,10/17/2019,59 ST-NRW,Thursday,40.641426,-74.017972,2805.0,2430.0
942,20,10/17/2019,7 AV-BDE,Thursday,40.762877,-73.98159,8937.0,3802.0
943,20,10/17/2019,7 AV-BQ,Thursday,40.677172,-73.972514,2131.0,4752.0
944,20,10/17/2019,7 AV-FG,Thursday,40.666276,-73.980324,2572.0,3200.0
945,20,10/17/2019,GRD CNTRL-42 ST-4567S,Thursday,40.751849,-73.976945,64199.0,32339.0
946,20,10/17/2019,LEXINGTON AV/53-6EM,Thursday,40.757529999999996,-73.969102,22727.0,7318.0
947,20,10/17/2019,TIMES SQ-42 ST-1237ACENQRS,Thursday,40.755905,-73.98650400000001,7617.0,1736.0
948,20,10/17/2019,TIMES SQ-42 ST-1237ACENQRSW,Thursday,40.755905,-73.98650400000001,35967.0,25729.0
949,20,10/18/2019,42 ST-BRYANT PK-7BDFM,Friday,40.754197999999995,-73.984573,23857.0,8428.0
950,20,10/18/2019,42 ST-PORT AUTH-1237ACEGNRSW,Friday,40.757303,-73.98978699999999,3750.0,4004.0
951,20,10/18/2019,42 ST-PORT AUTH-1237ACENQRSW,Friday,40.757303,-73.98978699999999,14293.0,26923.0
952,20,10/18/2019,47-50 STS ROCK-BDFM,Friday,40.758652000000005,-73.981311,36596.0,8974.0
953,20,10/18/2019,49 ST-NQRW,Friday,40.760139,-73.984112,11320.0,5236.0
954,20,10/18/2019,5 AV/53 ST-EM,Friday,40.760179,-73.975196,5905.0,2402.0
955,20,10/18/2019,5 AV/59 ST-NQRW,Friday,40.764909,-73.973372,4464.0,868.0
956,20,10/18/2019,5 AVE-7BDFM,Friday,40.753824,-73.981966,7304.0,2053.0
957,20,10/18/2019,50 ST-1,Friday,40.761675,-73.983908,13068.0,6782.0
958,20,10/18/2019,50 ST-CE,Friday,40.762439,-73.985989,8616.0,5194.0
959,20,10/18/2019,50 ST-D,Friday,40.636232,-73.994765,743.0,742.0
960,20,10/18/2019,51 ST-6,Friday,40.757108,-73.97187,11481.0,4496.0
961,20,10/18/2019,57 ST-7 AV-NQRW,Friday,40.764755,-73.980646,14790.0,4739.0
962,20,10/18/2019,57 ST-F,Friday,40.763625,-73.977449,6253.0,2340.0
963,20,10/18/2019,59 ST COLUMBUS-1ABCD,Friday,40.76811,-73.981891,30427.0,15107.0
964,20,10/18/2019,59 ST-456NQRW,Friday,40.762796,-73.967686,26960.0,9524.0
965,20,10/18/2019,59 ST-NRW,Friday,40.641426,-74.017972,2832.0,2341.0
966,20,10/18/2019,7 AV-BDE,Friday,40.762877,-73.98159,7883.0,4252.0
967,20,10/18/2019,7 AV-BQ,Friday,40.677172,-73.972514,2305.0,4177.0
968,20,10/18/2019,7 AV-FG,Friday,40.666276,-73.980324,2600.0,2837.0
969,20,10/18/2019,GRD CNTRL-42 ST-4567S,Friday,40.751849,-73.976945,56968.0,31850.0
970,20,10/18/2019,LEXINGTON AV/53-6EM,Friday,40.757529999999996,-73.969102,20966.0,7320.0
971,20,10/18/2019,TIMES SQ-42 ST-1237ACENQRS,Friday,40.755905,-73.98650400000001,7630.0,2049.0
972,20,10/18/2019,TIMES SQ-42 ST-1237ACENQRSW,Friday,40.755905,-73.98650400000001,32843.0,26871.0
